Jashan,Singh,15,Scotland,Male,59653.45,1234
Caroljean,Gudge,21,Alejal,Female,6610.85,1006
Yurik,McGlaughn,84,Pambuhan,Male,8370.26,1010
Sig,Searl,83,Kantharalak,Male,550.84,1011
Krystalle,Shevlane,36,Karbinci,Female,2590.36,1013
Clayton,Thorsby,88,Ebak,Male,14015.91,1019
Renault,Yerby,74,Columbia,Male,19272.34,1020
Pamella,Harrington,96,Tucano,Female,17386.83,1023
Stanly,Izakof,65,Prokhladnyy,Male,6145.67,1025
Jonathon,Cavet,59,Huanghai,Male,11333.78,1026
Dorise,Tison,44,Noeltoko,Female,18132.59,1027
Retha,Muirhead,48,Kaminoyama,Female,2415.22,1028
Jamey,Dissman,24,Pruszcz,Male,10858.66,1030
Miran,Cochrane,89,Monze,Female,2039.46,1038
Cacilia,Russan,74,Al Maḩfid,Female,13938.53,1054
Alecia,Schirach,33,"Las Vegas, Santa Barbara",Female,1224.2,1058
Inger,Vasilchikov,57,Mananara,Female,13843.89,1059
Saw,McVeighty,51,Chivor,Male,15241.07,1064
Giffer,Rubinsohn,30,Pu’an,Male,11958.48,1065
Deanna,Trickett,53,Putrajawa,Female,5874.88,1075
Kathryne,Eisig,36,Bang Rak,Female,6784.4,1076
Marthe,Hansed,80,La Motte-Servolex,Female,3474.59,1077
Portia,Aronstam,86,Wat Sing,Female,299.6,1089
Jorge,Gothliff,64,Tha Maka,Male,3678.73,1093
Waylan,Newlands,80,Jidong,Male,4800.62,1096
Meier,Ogborn,88,Huangtan,Male,13245.69,1110
Lemuel,Peschka,37,Mont-Saint-Aignan,Male,4037.52,1112
Nicky,Pragnell,82,Sayapullo,Male,17588.48,1113
Anneliese,Allain,51,Leskovac,Female,9681.86,1120
Veronika,Northbridge,49,Kagoshima-shi,Female,13422.78,1122
Linzy,Rault,25,Solnice,Female,11626.18,1132
Lawrence,Krelle,77,Hushi,Male,12906.61,1133
Alyce,Landis,29,Hongtu,Female,916.76,1141
Oren,Pescud,5,Novomichurinsk,Male,12581.32,1142
Gayler,Checkley,87,São Manuel,Male,12739.93,1142
Ulrich,Smerdon,77,Uuemõisa,Male,6144.78,1150
Pavia,Sleeford,4,Bandar Pusat Jengka,Female,13408.57,1165
Cristionna,Ainsworth,52,Skawica,Female,2372.83,1168
Gideon,Filewood,72,Bordeaux,Male,3971.31,1168
Hildagarde,Bayns,19,Plavsk,Female,8704.77,1172
Seana,Willgrass,49,Ceibas,Female,1652.64,1179
Purcell,Daysh,40,Puncakwangi,Male,17400.55,1184
Barty,Grigoroni,97,Kikuchi,Male,16958.82,1193
Godfry,Trippitt,31,Krajan Jabungcandi,Male,4446.87,1199
Roxane,Tooting,54,Chahannao,Female,5380.28,1201
Zulema,Skill,59,Būsh,Female,10825.36,1208
Yankee,Blakemore,24,Krasnogorskoye,Male,18602.66,1209
Jordan,Devany,46,Leping,Male,15489.93,1220
Jerrylee,Gamage,71,Inverness,Female,3573.75,1234
Terese,Mathwin,55,London,Female,14982.21,1234
Arnie,Epelett,50,Glasgow,Male,10235.82,1234
Eden,Olin,3,Haninge,Female,15710.58,1239
Dredi,Laurenty,68,Lianyi,Female,18985.71,1244
Atalanta,McEwen,77,Modřice,Female,1194.56,1256
Lorry,Ryce,75,Dananyu,Female,4060.59,1270
Tally,Sevier,33,Probolinggo,Male,6303.1,1275
Granny,Geratasch,47,Bogi,Male,13766.64,1290
Bernarr,Tolomio,13,Kagay,Male,12588.28,1297
Leanora,Whitcomb,83,Santa Ana,Female,9890.39,1310
Gaven,Hows,78,Moravský Beroun,Male,15479.62,1311
Maribeth,Lancaster,5,Longtian,Female,1739.6,1316
Andee,Cockshot,86,Takatsuki,Female,16863.45,1320
Arlinda,Baglin,57,Hägersten,Female,9754.57,1321
Ginny,Bastin,94,Tangga’an,Female,6496.08,1330
Reynold,Artharg,64,Shuangqiao,Male,2397.82,1333
Tally,Kunzelmann,84,Pampas,Female,7286.87,1340
Appolonia,McAnulty,53,London,Female,825.55,1348
Alejandra,Fenney,68,Koysinceq,Female,13993.18,1353
Ruggiero,Manis,70,Wasagu,Male,15912.5,1359
Christina,Dudbridge,75,Oli,Female,6191.21,1360
Jeralee,Sherlock,62,Persen,Female,2280.64,1360
Mathilde,Fearn,84,Pliwetan,Female,14194.81,1361
Florina,Hanney,36,Kájov,Female,4068.39,1364
Alphonso,Pepineaux,18,Roanoke,Male,15827.47,1367
Candy,Gallamore,36,Orlová,Female,5902.5,1367
Dianemarie,Hurrion,81,Mataraben,Female,11216.78,1377
Fawn,Holborn,86,Panzhou,Female,4893.35,1378
Prescott,Ebbin,29,Diadi,Male,16388.66,1382
Cicely,Catterell,67,Camacupa,Female,5661.84,1387
Tonia,Beeho,79,Bukovec,Female,3367.73,1388
Artus,Fahey,17,Kamnica,Male,7623.35,1389
Debor,Inglefield,14,Machala,Female,17945.76,1392
Harald,Turfus,53,Bail,Male,1362.54,1395
Gerrie,Kildale,11,Jinqu,Female,12761.53,1396
Meridith,Ashforth,21,Shnogh,Female,19291.63,1405
Trenton,Gavrielly,65,Cikijing,Male,6187.61,1414
Fern,Harme,59,Mankono,Female,19375.5,1429
Floria,Clutterbuck,85,Huangjiazhai,Female,2385.57,1434
Helena,Showell,58,Sosnówka,Female,6839.6,1442
Cathe,Pick,59,Leuwibuleud,Female,10917.75,1442
Afton,Normanvell,49,Sâmraông,Female,11762.69,1453
Reta,Ollerton,16,Ilha Solteira,Female,8976.47,1459
Laurena,Frankcomb,31,Gorelki,Female,16567.13,1460
Hi,Barts,49,Nangela,Male,1950.67,1466
Elga,Snoddy,70,Negeriagung,Female,33.74,1467
Harriette,Mix,21,Ḩammām Wāşil,Female,3469.41,1469
Thea,Bonham,1,Kongolo,Female,11311.46,1470
Lonny,Fresson,42,Wangying,Male,2304.24,1473
Ennis,Payley,1,Miaoquan,Male,10522.06,1474
Mathian,Balham,70,Koysinceq,Male,8314.33,1480
George,Kerrich,83,Nakkila,Female,10575.72,1486
Derry,Juhruke,81,Budta,Male,12648.54,1488
Laverne,Comazzo,91,Tungguwaneng,Female,317.05,1491
Shannen,Kubes,81,Bobolice,Female,5437.55,1493
Eadmund,Saltmarshe,60,Torreira,Male,18049.82,1495
Karilynn,Norgan,72,Jambeyan,Female,15362.28,1497
Dannie,Girardey,43,Géfyra,Female,19430.47,1507
Ludvig,Betchley,79,Bang Krathum,Male,5434.37,1518
Del,Cawthery,97,Tejar,Female,9241.21,1519
Laurette,Biernat,27,Aksu,Female,7703.53,1525
Hersh,Gill,24,Kadubera,Male,16820.42,1530
Lemmie,Capitano,60,Novi Vinodolski,Male,11990.74,1534
Reine,Walden,99,Qingping,Female,17029.55,1537
Dodie,Ambrosch,67,Nanqiao,Female,11106.23,1538
Alberto,Farnie,22,Shixian,Male,9667.6,1541
Glennie,Tincombe,45,Capinzal,Female,9506.6,1547
Renato,Allwright,71,Colorado Springs,Male,6626.31,1553
Kellina,Suddock,75,Plaza de Caisán,Female,16888.91,1556
Marwin,Gerbi,72,Tongole,Male,15965.59,1563
Allison,Bunclark,78,Pledo,Female,19236.84,1568
Wake,Dubois,57,Aliwal North,Male,19158.89,1575
Fred,Lindholm,15,São Mateus,Male,12717.5,1581
Vivi,Spain,63,Kanshan,Female,96.72,1584
Trevor,Ownsworth,11,Armash,Male,3249.79,1584
Glennis,Blomfield,2,Prey Veng,Female,575.44,1587
Fey,Awmack,53,Wenjī,Female,5253.24,1592
Tish,Confait,43,San Carlos,Female,4911.97,1592
Terrel,Starsmeare,81,Pingba,Male,7821.4,1597
Milt,Foxcroft,33,Daxin,Male,5095.33,1601
Letisha,Eric,55,Burayevo,Female,19437.55,1604
Sophey,Reek,76,Villeurbanne,Female,19088.66,1609
Cissiee,Briat,3,Hedi,Female,2477.17,1610
Elaina,Bugge,13,Huangjingba,Female,6409.82,1614
Jeni,Lawler,68,Mamu,Female,18014.87,1616
Joseito,Sibbs,69,Mafa,Male,17788.82,1618
Garrett,Lavigne,96,Shijing,Male,19133.52,1619
Noam,Gainsburgh,9,Kromasan,Male,10052.19,1620
Gaile,Slane,19,Bayonne,Male,14118.52,1628
Pate,Borrow,56,Sukadana,Male,2584.81,1632
Horacio,Gotts,99,Seongnam-si,Male,6608.49,1636
Lois,Thwaite,95,Donabate,Female,4831.1,1638
Shawn,Brixham,64,Pedro Carbo,Female,12288.9,1660
Ros,Chinery,87,Boston,Female,12176.67,1663
Jeffy,Wakenshaw,32,Roczyny,Male,201.07,1673
Nobe,Mowsdill,46,Karanggeneng,Male,10273.97,1675
Shanan,Fortie,48,Malanville,Male,6522.03,1681
Llywellyn,Devigne,13,Düsseldorf,Male,17639.22,1685
Rochella,Laurens,98,Huambalpa,Female,8308.31,1687
Francoise,Carhart,24,Pacajus,Female,9118.79,1688
Agatha,Kid,84,Bloemhof,Female,17627.81,1693
Ninetta,Haggerstone,30,Hongshunli,Female,17424.18,1695
Derron,Harper,99,Wanglinkou,Male,16255.14,1718
Bobbie,Crawley,41,Tamana,Female,3385.64,1721
Cybil,Cashin,59,Taihe,Female,10762.01,1729
Renaud,Rubes,90,Apopa,Male,10296.3,1733
Pete,Domoni,60,Daja Lorong,Male,217.53,1742
Faythe,Ximenez,34,Abovyan,Female,13664.89,1744
Ashlen,Bayles,7,Yaroslavl,Female,16090.49,1746
Cross,O'Lunny,58,Likhovskoy,Male,11811.37,1752
Alexine,Tooher,41,Princeville,Female,8899.71,1754
Ingaberg,Kennerley,49,Xintian,Female,10033.44,1758
Ronald,Goldsby,13,Marco,Male,5920.96,1769
Nonna,Schroder,86,Cikondang,Female,3977.36,1771
Gilberta,Scudder,49,Bichura,Female,2297.44,1784
Thurstan,Beckett,45,Holguín,Male,5559.73,1784
Alano,Bruno,7,Muricay,Male,6389.22,1797
Hadley,Clemintoni,44,San Agustin,Male,10138.26,1803
Stanleigh,Muckloe,23,Lakbok,Male,8158.96,1806
Reta,Gelderd,64,Salgueiro,Female,14181.98,1819
Claudianus,Donavan,67,Chegutu,Male,4545.76,1824
Christa,Simonich,65,Néa Palátia,Female,6956.81,1861
Magdaia,Marvin,9,Imielin,Female,7812.58,1865
Prince,Borgesio,45,Thiers,Male,11608.9,1865
Damiano,Oswick,13,Cibuah,Male,10554.86,1872
Britte,Worral,25,Garoua,Female,4395.6,1881
Chancey,Stovell,49,Pakisaji,Male,19070.83,1895
Hansiain,Bigmore,14,Fukumitsu,Male,1993.09,1904
Karol,Vitte,63,Farkaždin,Female,5278.61,1908
Shaine,Gyde,78,Gēdo,Female,18266.05,1909
Gaultiero,Hissie,34,Rahayu Dua,Male,4284.53,1920
Adelheid,Falcus,88,Leština,Female,7813.08,1922
Annice,Bernardelli,3,Ol’ginskaya,Female,3129.04,1929
Olly,Jorn,79,Radashkovichy,Male,7783.35,1935
Mindy,Voce,40,Orsay,Female,4255.82,1942
Crissy,Linley,25,Shangkuli,Female,17396.63,1943
Justin,Rookes,33,Mihara,Male,11745.34,1945
Daffy,Courtier,36,Podwilk,Female,7764.32,1953
Marillin,Meddings,50,Shuiying,Female,18147.97,1957
Esmeralda,Tiler,31,Annecy,Female,11290.32,1960
Constantin,Yuryshev,48,Wangshi,Male,9924.83,1985
Tina,Curnick,23,Tianxin,Female,19752.07,1989
Milicent,de Mullett,73,Bandar Pusat Jengka,Female,10259.24,2003
Hobart,Barthelme,71,Bandarbeyla,Male,6315.83,2006
Erskine,Loughren,20,Sumberan,Male,1480.96,2007
Anderson,Vlasyev,1,Diawara,Male,7163.01,2020
Sylas,Hansill,4,Maiorca,Male,18097.89,2026
Donn,Emmot,22,Longhua,Male,10884.78,2030
Daryle,Grene,13,Sigeng,Male,13737.57,2048
Sheila-kathryn,Clara,49,Concordia,Female,8469.6,2050
Kahlil,Adenot,51,Itabaiana,Male,5147.83,2063
Keelby,Patry,46,Dadeldhurā,Male,14161.48,2070
Estrellita,Berwick,21,Florencio Varela,Female,5628.06,2090
Huey,Swalwell,84,Greensboro,Male,19190.64,2092
Gifford,Recher,78,Batatais,Male,7277.67,2098
Gianni,Beggin,28,Chamalières,Male,18558.98,2107
Faulkner,Croy,79,Buurhakaba,Male,9161.44,2121
Regina,Rosenbarg,38,Sosnovka,Female,2870.09,2121
Valentina,Joubert,19,Sonorejo,Female,15329.86,2146
Normand,Arkell,67,Krasnoye,Male,1543.58,2151
Robinette,Scholtz,44,Sakerta Timur,Female,3730.66,2159
Maegan,Forsyde,37,Neringa,Female,15317.74,2167
Abbe,Setch,76,Casal da Anja,Male,11973.5,2173
Catrina,Grinter,9,San Francisco,Female,11171.21,2207
Julius,Cheverell,72,Jiangcun,Male,6166.12,2230
Tana,Lamb,22,Triesenberg,Female,980.82,2237
Orelie,Rowlinson,60,Undurkhaan,Female,14426.63,2254
Shoshanna,Pedracci,87,Gasan,Female,9866.14,2275
Erika,Walcar,79,Andekantor,Female,17616.65,2280
Camille,Fylan,73,Bahaodi,Female,3682.58,2293
Kiele,Snoday,35,Tuusula,Female,6011.73,2298
Lezley,Flukes,14,Huazangsi,Male,827.75,2315
Wileen,Denty,59,Kinlough,Female,2618.34,2319
Roland,Langcaster,48,Xitou,Male,6135.91,2323
Raeann,Joseph,30,Esuk Oron,Female,14197.83,2327
Fancy,Garrett,98,Parada de Pinhão,Female,5024.44,2333
Gill,Clint,80,Tupambaé,Female,14324.16,2345
Gibb,Bemment,100,Pakkat,Male,3561.23,2349
Nealon,John,69,Hat Yai,Male,19794.21,2350
Bethanne,Ccomini,72,Oskarshamn,Female,15439.99,2388
Aaron,Bane,99,Piątnica,Male,10172.21,2389
Carmina,Borwick,49,Campos Sales,Female,19745.58,2403
Talia,Stower,90,Woippy,Female,18236.43,2408
Melesa,Vamplus,58,Mobai,Female,415.22,2410
Kellen,Cure,98,Tarusa,Female,11024.97,2423
Tersina,Goodhall,55,Jiading,Female,15072.67,2454
Urbanus,Farmloe,46,Binagadi,Male,7950.02,2460
Sunny,Cavil,88,Port Washington,Female,11679.21,2464
Dorolice,Irnys,5,Chinju,Female,16060.35,2470
Jolyn,Palphramand,3,Gzy,Female,1781.18,2506
Fransisco,Roark,4,Nahariya,Male,8446.37,2518
Zach,Lathwell,79,Montevista,Male,3016.62,2519
Rollo,Jedrzejkiewicz,54,Lushuihe,Male,12123.52,2530
Reinaldo,Worgan,50,El Mirador,Male,13617.6,2534
Collette,People,35,Norzagaray,Female,11823.11,2553
Dannie,Flux,46,Oliver,Female,7385.67,2563
Rivkah,Corbishley,66,Yuping,Female,1908.93,2609
Kippie,Starcks,68,Humaitá,Male,10568.17,2610
Britta,Mickelwright,10,Jinhe,Female,2264.47,2616
Winnah,Purselowe,52,Lolodorf,Female,9967.39,2624
Shermy,Selwyne,23,Porlamar,Male,941.46,2637
Carri,Sudworth,39,Sukhobuzimskoye,Female,9656.34,2641
Benjamin,Broome,29,Victoriaville,Male,5452.6,2671
Giralda,Fairleigh,62,Zebrzydowice,Female,819.99,2680
Dannel,Reddell,51,Ueki,Male,6770.86,2689
Darby,Yeskov,80,Tanahwulan,Male,18813.79,2697
Gregoire,Janacek,6,Reims,Male,19653.03,2703
Camile,Eaves,92,São João da Boa Vista,Female,8258.63,2712
Mendy,Wrathmall,89,Nowlamary,Male,11742.92,2723
Calvin,Rishworth,32,Ploso,Male,5501.62,2723
Dorothea,Anthoney,22,Hluboká nad Vltavou,Female,1723.09,2724
Hildagarde,Willimont,13,Basse-Terre,Female,15062.14,2733
Gerek,MacDiarmond,31,Göteborg,Male,11822.6,2733
Auberon,Pashe,23,Krajan Satu,Male,1169.17,2734
Raquel,Bertl,66,Kamieniec Wrocławski,Female,17387.24,2746
Vern,Kittman,3,Jaboatão,Male,18829.2,2752
Lisa,Ranson,66,Beixiaoying,Female,18490.42,2793
Verene,Bourke,74,Vyshneve,Female,8708.27,2799
Lazarus,Conner,71,Longfengshan,Male,4878.23,2811
Adams,Kintish,6,Cibenda,Male,4090.78,2813
Reeba,Warin,10,Miami Beach,Female,7510.54,2833
Allister,Andreou,77,Haikoudajie,Male,4241.83,2844
Emmery,Myrie,45,Fornelos,Male,2769.55,2844
Cesaro,Cisco,24,Alderetes,Male,9746.57,2847
Cosme,Fermin,43,Talabaan,Male,19977.6,2847
Brantley,Pickersail,43,Presnenskiy,Male,5887.18,2847
Livvy,Akett,71,Pasarbaru,Female,4291.73,2865
Adan,Garner,20,Jingzhou,Female,811.21,2865
Gae,Willshee,22,Xinchengzi,Female,12348.86,2889
Sallee,Ragot,32,Kristinehamn,Female,4768.44,2892
Aidan,Alster,50,Thị Trấn Pác Miầu,Female,15786.39,2895
Nate,Behneke,60,Moanemani,Male,10568.46,2899
Jerrylee,Izaac,40,Maradabangga,Female,11109.62,2901
Selie,Looker,9,Folques,Female,12834.63,2901
Hulda,Baxandall,55,Wangzha,Female,13392.1,2902
Hal,Vasilechko,7,Pontevedra,Male,3150.86,2921
Daniel,O'Hoolahan,55,Shengli,Male,4910.64,2925
Elnora,Sabate,29,Springbok,Female,12335.78,2930
Seward,Crickmore,83,Zilang,Male,18770.19,2946
Roze,Quoit,12,Shuanglongchang,Female,15129.63,2947
Sheeree,Goodship,55,Ozorków,Female,12273.1,2953
Editha,Gaynsford,56,Sogod,Female,12671.06,2954
Jada,Killock,73,San Diego,Female,5271.95,2965
Rosa,Rolls,8,Amsterdam,Female,15782.14,2965
Coralyn,Deane,13,Pak Phayun,Female,17834.81,2986
Tonnie,Ingram,51,Tubigan,Male,5810.96,2989
Mortie,Gibbings,42,Huaraz,Male,5490.68,2996
Arlee,Tatlow,7,Benito Juarez,Female,19625.11,3022
Kayle,Beavis,33,Waterbury,Female,4086.14,3039
Barnaby,Sapey,63,Ludvika,Male,14141.15,3050
Ken,Flatt,13,Jalinan,Male,10820.83,3063
Gayelord,McGready,71,Dzuunmod,Male,7927.01,3093
Katrine,Decort,91,Borlänge,Female,10527.08,3100
Dorthea,Ben,17,Ili,Female,4196.45,3105
Moe,English,2,Luanshya,Male,11821.81,3117
Elbertina,Costell,94,Warri,Female,10366.26,3118
Welsh,Scholig,88,Arshaluys,Male,18902.1,3127
Alethea,Mathou,32,Yolöten,Female,7245.95,3130
Anetta,Mingame,85,Minyue,Female,13591.57,3131
Veradis,Balchen,76,Mỏ Cày,Female,4014.94,3133
Linzy,Nesterov,46,Tucson,Female,7759.85,3136
Alessandra,Ondra,77,Avelar,Female,9238.46,3145
Mahala,Hauxley,38,Parabcan,Female,19883.08,3153
Lilli,Woodard,86,Madamba,Female,13602.73,3160
George,Crennan,25,Jakubów,Male,3843.95,3169
Rhett,Eble,71,San Juan,Male,5183.82,3170
Orland,Taft,72,Hostěradice,Male,718.17,3196
Christabella,Roseman,92,Osielec,Female,4724.32,3199
Bartholemy,Minichi,67,Lanuza,Male,5632.21,3206
Temp,Ambrogioli,90,Pallasca,Male,8726.36,3237
Morie,Pudge,5,Birmingham,Male,9434.82,3245
Cymbre,Barkes,10,Xiexiong,Female,15518.73,3259
Carey,Burnip,61,Tiandian,Male,18381.61,3261
Alberta,Huntington,66,Lebedyn,Female,11262.64,3278
Huey,Paulmann,49,Ambato Boeny,Male,18572.83,3279
Gerty,Whiffin,84,Zhangjiayuan,Female,3924.12,3308
Lelia,Scholfield,31,Ljubno ob Savinji,Female,9759.86,3335
Malvin,Harberer,14,Mouzourás,Male,10043.84,3345
Julio,Heinsen,49,Sasayama,Male,3639.51,3346
Glennie,Bernhardi,25,El Crucero,Female,6613.62,3347
Ennis,Mahy,47,Hita,Male,735.53,3354
Padraic,Priddy,30,Chirongui,Male,785.27,3354
Janine,Riolfi,89,Iksan,Female,10133.2,3357
Arabel,O'Fallowne,83,Zagreb,Female,18477.92,3363
Shelia,Delamaine,58,Paiçandu,Female,6203.75,3371
Shadow,MacGinley,29,Sheshory,Male,14955.55,3379
Ofella,Selby,34,Guanyinsi,Female,5176.53,3381
Sena,Labes,71,Hobonio,Female,1918.98,3384
Ethelred,Nurdin,50,Hulutao,Male,5178.88,3397
Una,Barneville,36,Santa Rita do Sapucaí,Female,16601.72,3421
Shelby,Linfoot,74,Jixing,Female,15640.11,3433
Caryl,Kendell,64,Ostrowite,Male,16537.84,3441
Murdock,Rhodes,5,Fuji,Male,456.83,3459
Blake,Kahler,88,Douniani,Male,3002.07,3465
Christen,Logue,40,Kurchatov,Female,16269.11,3476
Jojo,Capell,35,Bacelo,Female,18111.72,3476
Jenilee,Gellibrand,79,Mokwa,Female,2068.48,3483
Kizzee,Corkitt,79,Dongda,Female,14660.63,3516
Alexandre,Goschalk,47,Kapuskasing,Male,15588.86,3517
Arabele,Tanzig,59,Shuangqiao,Female,12711.68,3523
Gus,Jiggens,73,Batulawang,Female,7364.95,3546
Tommi,Hutfield,61,Zhentou,Female,2991.03,3566
Dalis,Sottell,49,Zhelin,Male,4866.3,3566
Lanie,Edmonds,31,Bayt Ūmmar,Male,8435.01,3577
Tallulah,Sherlaw,12,Bolorejo,Female,16680.78,3583
Hadria,MacAnellye,21,Strelitsa,Female,15842.33,3590
Auria,Antonazzi,42,Pajarillo,Female,5409.26,3591
Kristina,Dowdam,13,Madīnat Ḩamad,Female,17404.39,3594
Amber,McGinley,55,Bendilwungu Lor,Female,15255.92,3600
Orion,Mogg,3,Ballina,Male,9726.89,3604
Tasha,Abramamov,28,Łużna,Female,6834.29,3606
Genni,Arkil,43,Sunzhen,Female,10877.98,3613
Paddy,Marler,83,Gopaan,Male,7070.79,3617
Sarina,Tregonna,3,Shangmofang,Female,2690.49,3628
Raffarty,McCrudden,34,Bertoua,Male,15760.61,3634
Cletus,Liepins,42,Khawrah,Male,8607.36,3634
Darda,Embury,99,Canturay,Female,7443.29,3639
Truda,Rowen,81,Energetik,Female,13745.49,3646
Gipsy,Cosson,3,Xuân Trường,Female,8029.23,3651
Ariel,Gowanson,9,Lipljan,Male,593.22,3664
Madelaine,Hallford,90,Xilai,Female,5643.84,3675
Lazare,Rummins,92,Kogota,Male,11654.27,3689
Rabbi,Briatt,15,Zhoukou,Male,9367.62,3692
Baudoin,Lofty,66,Rawang,Male,5517.85,3700
Myrna,Malcolmson,99,Sanghan,Female,11371.27,3704
Berky,Haill,26,Kampungsusah,Male,12460.85,3706
Wake,Lambis,41,Xushangqiao,Male,17338.11,3730
Boycey,Arstingall,4,Jianshan,Male,19267.78,3734
Lucine,Quibell,76,Wahai,Female,4206.27,3737
Elaina,Fortoun,71,Baton Rouge,Female,10051.43,3744
Shanon,Lansdown,16,Jiqu,Female,15282.47,3754
Christian,Izac,14,Guadalupe,Male,9290.35,3764
Brandyn,Hatto,56,Göteborg,Male,10889.79,3777
Carla,Aistrop,59,Itabirito,Female,2443.71,3778
Granny,Mateuszczyk,84,Moengo,Male,1283.3,3794
Trumaine,Keppel,98,Fayzabad,Male,8002.37,3803
Joletta,Kuzma,6,Gemena,Female,13815.02,3805
Faydra,Servante,16,Djohong,Female,14030.16,3813
Berkie,Tarrier,29,Camatagua,Male,415.02,3820
Mallissa,Slide,45,Bukid,Female,2283.17,3825
Amerigo,Jekyll,58,Jiannan,Male,3905.17,3830
Griffie,Lanfer,15,Wādī as Salqā,Male,14538.36,3850
Abbot,Orleton,33,General Conesa,Male,4061.29,3850
Emerson,Rafter,48,Mohammedia,Male,6670.28,3867
Christopher,Bingall,41,Panambi,Male,6562.24,3887
Maureene,Bampfield,94,Javalera,Female,4309.28,3900
Maure,Whimp,80,Bang Kaeo,Female,19309.59,3903
Weber,Meach,30,Ciduren,Male,12542.5,3910
Elizabet,Bostock,27,Jagodina,Female,660.44,3910
Anstice,Blanque,12,São Domingos,Female,8100.67,3918
Harriette,Bridgen,41,Talaibon,Female,11767.51,3926
Wilma,Jeannet,63,Huaqiao,Female,19113.29,3930
Quintana,Blundin,74,Bembèrèkè,Female,14821.73,3932
Balduin,Maddicks,16,Żabbar,Male,16094.5,3955
Baryram,Giuroni,81,Zhongben,Male,14316.15,3955
Manuel,Houston,24,Tongzilin,Male,3377.14,3983
Ray,Douche,21,Phak Hai,Female,12631.65,3991
Jacquette,Mannooch,5,Novoderevyankovskaya,Female,369.48,3996
Derwin,Epilet,82,Paris 19,Male,18636.83,3999
Donnie,de Leon,30,Torino,Female,9855.47,4003
Jens,Chevers,13,Mahates,Male,9765.09,4009
Malynda,Beresfore,90,Kými,Female,16098.51,4029
Tremayne,Metrick,99,Néa Sánta,Male,19113.82,4030
Bing,McCudden,21,Yanggan,Male,8226.32,4033
Gabi,Imm,70,Gurbuki,Male,11912.16,4034
Timoteo,Gissop,94,Aparecida,Male,15168.94,4040
Bald,Hasslocher,10,Carrascal,Male,16160.46,4063
Vanni,Spurman,14,Otlja,Female,18906.31,4064
Amii,Reeme,21,Nador,Female,19995.11,4075
Tito,Spreag,58,Moijabana,Male,7607.61,4095
Conroy,Corriea,38,Kotli Lohārān,Male,15936.96,4106
Jessamyn,Lusher,83,Pangkalan,Female,8229.78,4122
Sumner,Sarsfield,29,Palermo,Male,10539.96,4124
Weston,Tudhope,98,Volodarka,Male,16009.49,4127
Ward,Forrestor,6,Évry,Male,10232.62,4131
Abbot,Laurentino,48,Shilong,Male,17815.59,4136
Pearce,Ansley,14,Milwaukee,Male,9679.29,4139
Derk,Zambon,71,Xinjie,Male,605.37,4143
Ferd,Dericut,51,Postira,Male,18145.65,4151
Alix,Aicken,4,Dobczyce,Male,6616.63,4161
Ron,Simonite,14,Ngrambitan,Male,6984.87,4174
Hale,Tarbett,86,Cauday,Male,14028.96,4174
Addie,Frusher,27,Ruda-Huta,Male,18336.37,4183
Niccolo,Symons,27,Tabonoc,Male,5748.63,4190
Gerladina,Scotcher,28,Catamayo,Female,11063.88,4193
Noel,Mucklo,98,Tiblawan,Male,11451.34,4199
Skelly,Floodgate,39,Ngurore,Male,16487.54,4226
Raine,Comfort,99,Ermidas do Sado,Female,10314.52,4228
Sarette,Pennyman,36,Amalfi,Female,16784.6,4258
Omar,Lening,20,Tielou,Male,6296.98,4275
Frederique,Dunphy,49,Ciomas,Female,19693.11,4276
Akim,Uren,84,Faruka,Male,12432.64,4279
Haskell,Baudichon,81,Wang Yang,Male,7814.95,4280
Nadean,Gascoine,97,Mirontsi,Female,10630.42,4285
Sylvan,Ivanusyev,25,Raleigh,Male,3549.45,4290
Eduard,Kielty,67,Mitú,Male,8748.96,4303
Piggy,Currao,35,Mingjiu,Male,17536.46,4313
Giulietta,Barbosa,77,Senlis,Female,10360.47,4316
Garvey,Leckie,53,Junliangcheng,Male,6299.31,4320
Edik,Ianniello,25,Palmital,Male,4312.02,4348
Phedra,Mac Geaney,78,Jardim,Female,7521.9,4369
Melicent,Jenoure,66,Sukagawa,Female,13799.64,4413
Benita,Saer,16,San Mariano,Female,19686.43,4434
Lorilyn,Orchard,81,Sevan,Female,1086.46,4437
Gwyn,Tottle,25,Brzeg Dolny,Female,7410.82,4454
Nickie,Binks,62,Andrushivka,Female,11101.28,4456
Yasmeen,Antonchik,46,La Esperanza,Female,19300.85,4463
Kaleena,Colum,57,Vila Real de Santo António,Female,12051.18,4476
Doralyn,Falls,87,Qal‘at Bīshah,Female,19062.54,4477
Weylin,Endean,88,Foumbouni,Male,9915.31,4483
Kat,Upstone,30,Mazyr,Female,12155.65,4486
Walsh,Chagg,18,Suvorovskaya,Male,6776.25,4506
Bonnee,Widdowes,57,Mboursou Léré,Female,1050.42,4512
Sherie,Oxtaby,6,Bairro,Female,4060.71,4520
Merrel,Kubiczek,94,Caikouji,Male,9096.61,4520
Fredi,Friedman,44,Liski,Female,14465.18,4579
Eyde,Yeude,88,Camangcamang,Female,5028.36,4592
Trevar,Bushrod,71,Camiling,Male,3035.91,4599
Ardith,Budnk,18,Panyindangan,Female,7183.4,4601
Orlan,Le Claire,89,Nanam,Male,676.91,4612
Glenn,Bertomieu,6,Xiacaoqiao,Female,10876.44,4617
Loni,Bareford,89,Leran Wetan,Female,760.61,4643
Marshall,Legier,37,La Ronge,Male,6420.81,4643
Javier,Bleaden,80,Laborie,Male,16146.61,4646
Cooper,Scole,42,Myadzyel,Male,9424.3,4650
Maximilianus,Martineau,24,Bondoboghila,Male,7697.48,4682
Waldo,Townes,23,Karmai,Male,4520.83,4685
Marcelle,Wathell,68,Al Nashmah,Female,17649.3,4692
Leeann,Broadbury,62,Novotitarovskaya,Female,11619.88,4698
Moe,Bulcock,82,Tongouson,Male,2656.18,4710
Woody,Norway,85,Sundsvall,Male,7603.53,4753
Mohammed,Collopy,56,Paris 04,Male,5039.09,4756
Kristofer,Attwell,2,Al Jarādīyah,Male,12296.04,4770
Idette,Neillans,61,Saryg-Sep,Female,18152.25,4770
Maegan,Sedwick,18,Ventanas,Female,11501.73,1234
Wain,Hanscombe,89,Mačkovec,Male,1062.42,4798
Eliot,Hernik,10,Pasarkayu,Male,16276.56,4810
Joann,Wellen,41,Los Angeles,Female,17700.35,4830
Cletis,Puxley,21,Novovolyns’k,Male,15756.1,4851
Murray,Mantripp,67,Mayapusi,Male,17188.91,4869
Augustine,Swinburn,88,Uspenskoye,Male,4098.51,4874
Dasya,Soppitt,89,Utena,Female,5411.01,4879
Vachel,Timlin,22,San Ramón,Male,17649.21,4882
Elijah,Beardow,5,Ipaba,Male,12551.07,4886
Barris,Acaster,4,Sigaboy,Male,16856.54,4889
Alister,Daine,82,Tambaú,Male,462.36,4936
Jefferey,Elman,62,Nsukka,Male,10917.74,4943
Edgard,Upfold,30,Kupiskis,Male,1565.44,4945
Shari,Shilleto,48,Rancho Viejo,Female,8616.56,4951
Linell,Hemmingway,16,Xiaochuan,Female,9960.28,4959
Tomlin,Ealden,4,Notre-Dame-de-l'Île-Perrot,Male,11303.01,4964
Salomone,Woollin,13,Gimo,Male,4755.86,4969
Humfried,Tapp,91,Sémé,Male,11825.64,4970
Burlie,Roubottom,70,Caotang,Male,9826.61,4979
Colin,MacColl,49,Sholokhove,Male,2164.85,4980
Dominik,Romanelli,13,Buchlovice,Male,10915.97,4994
Mill,Domoni,14,Nanxinxiang,Male,1108.93,5013
Alexander,Shelmerdine,96,Pakel,Male,13855.48,5013
Lek,Woolfall,63,Bairro dos Marinheiros,Male,18166.39,5016
Malachi,Rottger,76,Chalaco,Male,3681.24,5019
Faye,McEvoy,45,Jinhua,Female,7631.16,5022
Web,Saberton,17,Purwojoyo,Male,8135.82,5026
Kyle,Steet,21,Taiping,Female,18345.31,5027
Clementina,Gumby,58,Kokkónion,Female,14708.7,5055
Nara,Kubalek,38,Yilongyong,Female,17373.62,5077
Malchy,Abelov,31,Diaoling,Male,5659.88,5093
Karry,Paradyce,84,Gorichevo,Female,781.22,5119
Giovanni,Aleksandrev,32,Tiandeng,Male,15649.01,5119
Kristo,Fridaye,31,Birqīn,Male,16086.79,5125
Maridel,Welford,32,Thung Yang Daeng,Female,7614.86,5134
Carson,Vanyukov,48,Lleida,Male,12033.39,5139
Der,Gillio,39,Buliok,Male,493.72,5139
Kippy,Stirley,67,Souto,Female,18719.83,5140
Max,Gadson,77,Wutongkou,Male,12384.5,5171
Ede,Collyns,99,Gotemba,Female,18128.09,5181
Dulciana,Wyllcock,79,Hongyuan,Female,17375.69,5194
Conrad,Blaw,28,Shaliangzi,Male,1955.39,5229
Hershel,Maitland,6,Naagas,Male,17869.01,5234
Natasha,Nowlan,66,Cineumbeuy,Female,10830.6,5236
Cornie,Middlebrook,2,Sadang Kulon,Female,12162.27,5282
Zacharias,Yerrington,11,Newmarket on Fergus,Male,2649.55,5287
Earvin,Skittrall,82,Mayantoc,Male,13615.56,5295
Nata,Charkham,18,Xiaoyue,Female,13247.39,5327
Eliza,Blackster,49,Przybiernów,Female,11222.07,5327
Bourke,Brunon,99,Villa Bisonó,Male,5084.98,5331
Jard,Upchurch,92,Hammam-Lif,Male,2766.27,5333
Wheeler,Roony,42,Štítná nad Vláří,Male,4130.74,5335
Charity,Cushworth,45,Mafeng,Female,6037.75,5335
Harp,Blackledge,52,Saint-Denis,Male,16030.07,5348
Darrelle,Dowzell,51,Patsi,Female,19251.1,5367
Darrell,Craufurd,66,Dabola,Male,13776,5371
Gilly,Tash,53,Morohongō,Female,1195.15,5371
Jen,Escolme,97,Changsha,Female,14690.51,5394
Shirley,Eitter,98,Macamic,Female,14183.18,5410
Verena,Jiroudek,72,Béthune,Female,8488.82,5413
Judy,O' Quirk,47,Pinhal da Marquesa,Female,10557.6,5419
Joyann,Crippill,54,Shemonaīkha,Female,8292.47,5427
Ki,McGall,9,Huantuo,Female,11816.42,5435
Andonis,Cufflin,44,Ciomas,Male,11429.03,5454
Hanny,Tweed,66,Shaxi,Female,13043.98,5457
Sharon,Coppenhall,49,Changkeng,Female,11768.8,5461
Bendicty,Prise,73,Pokrovskoye-Streshnëvo,Male,2565.74,5463
Bink,Mears,50,San Antonio,Male,17387.88,5477
Guntar,Clemits,39,Tynne,Male,5576.51,5488
Nikolas,Squirrel,90,Mörrum,Male,7356.66,5495
Edwin,Ivell,10,Shalqīya,Male,4028.81,5495
Eli,Karoly,10,København,Male,11594.86,5499
Eberhard,Menham,83,Belyye Berega,Male,16682.08,5502
Locke,Dodworth,76,Molteno,Male,11233.27,5509
Joline,Gadd,23,Ostrožská Nová Ves,Female,16932.65,5555
Tedmund,Okroy,3,Hisor,Male,2791.21,5579
Ariel,Farlamb,10,Shangsanji,Female,2556.97,5584
Franny,Candy,26,Nong Ki,Male,6649.96,5603
Norma,Sextone,8,Carepa,Female,17836.36,5607
Meta,Dosdill,41,Paris 19,Female,8925.78,5608
Kaleena,Bengtsson,67,Almendra,Female,8763.12,5622
Bartholomeo,Kopke,81,Zolochiv,Male,4307.47,5627
Rachelle,Prichet,72,Xiong’erzhai,Female,15161.72,5637
Bran,Farney,19,Luuka Town,Male,13029.42,5638
Nobie,Lucius,54,Budapest,Male,10879.86,5648
Rania,Lochhead,57,Sunchales,Female,13992.51,5667
Kayne,Allett,36,Alaghsas,Male,11915.69,5676
Broddy,Choak,17,Condong,Male,749.53,5678
Ingar,Kalvin,58,Cendagah,Male,19203.34,5696
Ned,McGirr,69,Saint-Constant,Male,2273.98,5700
Cos,Owthwaite,70,Yacheng,Male,17145.46,5710
York,Nolda,82,Budapest,Male,2974.98,5731
Dallis,Raft,53,Musalerr,Male,6039.78,5742
Gaynor,Mutton,79,Khirbat Tīn Nūr,Female,11561.61,5749
Dalton,Jory,5,Gareba,Male,3985.74,5774
Terence,Diglin,60,Blinsung,Male,17841.46,5774
Eula,Brownsmith,96,Genang,Female,14547.1,5777
Meg,Oven,2,Chok Chai,Female,9736.16,5790
Flem,Perree,68,Vassouras,Male,15750.69,5804
Nikita,Ruane,75,Yelenendorf,Male,1596.35,5810
Clark,Redolfi,73,La Ensenada,Male,5303.78,5835
Pearl,Marzelli,53,Kalabo,Female,4733.24,5840
Kalina,Tolworthy,77,San Andros,Female,18043.65,5844
Karlik,Challicombe,96,Kool Tengah,Male,1221.7,5845
Pinchas,Chancelier,66,Tayabo,Male,5278.55,5860
Luca,Bixley,10,Fort Worth,Male,3323.47,5864
Nicholle,Emerton,29,Bāglung,Female,3076.37,5931
Izak,Libbie,24,Osiek,Male,12004.81,5963
Eunice,Hiner,11,Sarulla,Female,6497.2,5979
Fanechka,Skeldinge,70,Tumba,Female,2683.04,5980
Wake,Jenman,75,Delanggu,Male,17987.14,5985
Angie,Selland,82,Raoyang,Male,2437.26,5987
Adrien,Anstis,60,Wilczyce,Male,14610.61,5988
Ambur,Ferraron,1,Klinan,Female,14287.02,5990
Lemmie,Luc,9,Petaẖ Tiqwa,Male,13140.31,5994
Ted,Ravenscroft,68,Bintawan,Female,3860.71,5999
Berry,Montgomery,6,Xiaoyi,Female,4638.6,6033
Pier,Gimenez,52,Baranowo,Female,748.04,6045
Eldridge,Osgardby,12,Yili,Male,19568.61,6045
Sherrie,Morat,50,Wangping,Female,1081.79,6046
Birgitta,Krug,75,Zolotkovo,Female,9745.34,6053
Lee,Norewood,47,Ezhou,Female,10469.6,6067
Kerby,Sedgwick,15,Daojiang,Male,15708.73,6071
Tanitansy,Rippingall,51,Hovd,Female,12824.53,6074
Dewey,Rodinger,72,Quintão,Male,3225.06,6108
Julianna,Schwandt,83,Jiaoxiyakou,Female,16711.32,6111
Sam,Francescuccio,19,Casal de São João,Female,1460.06,6114
Charla,Cicutto,38,Pīshvā,Female,19662.58,6115
Gigi,Greenfield,48,Vierzon,Female,7691.23,6116
Charlean,Alessandrini,56,Chīchāwatni,Female,16142.33,6117
Arabelle,Ewington,59,Sanxixiang,Female,9524.96,6138
Leanna,Yurivtsev,73,Huangbu,Female,1854.61,6142
Karissa,Dilland,4,Sahline,Female,14247.37,6145
Thaine,Witty,67,Dagur,Male,3882.55,6158
Kelci,Luipold,47,Olenegorsk,Female,3177.66,6166
Mitch,Bough,54,Coronel,Male,6127.72,6177
Cher,Gaine of England,81,Jiaoyang,Female,19348.02,6180
Carter,Tethcote,41,Peer,Male,3213.15,6184
Catlee,Corson,97,Del Pilar,Female,4109.37,6185
Constancia,Chilcott,33,Hisings Kärra,Female,7738.94,6186
Maximilianus,Cordie,46,Ristinummi,Male,2320.13,6194
Stefan,Sanchiz,78,Unden,Male,11343.3,6199
Grant,Izac,31,São Miguel do Iguaçu,Male,9883.44,6199
Goldi,Niblock,20,Lebak Timur,Female,17199.07,6225
Sasha,Chopy,18,Sepolong Timur,Female,2024.59,6226
Gerard,Climie,49,Nová Paka,Male,10515.27,6227
Jayme,Gilham,86,Třešť,Female,86.57,6238
Christophe,Lundbech,94,Stockholm,Male,8865.3,6238
Averill,Gonet,75,Idenao,Male,16033.52,6240
Alec,Pimley,2,Santol,Male,15096.48,6281
Chaim,Winslet,66,Chimichagua,Male,3226.52,6282
Joell,Origin,58,Tabuaço,Female,7219.53,6283
Wilt,Mc Andrew,20,Şuwayr,Male,1617.77,6284
Rube,Ferraro,35,Yonghe,Male,13748.48,6288
Harbert,Scutt,67,Wahawaha,Male,10664.48,6334
Mignonne,Acory,61,Melville,Female,14850.5,6347
Emmy,Copcutt,15,Pul-e Khumrī,Male,19373.77,6358
Hymie,Danhel,37,Kosaya Gora,Male,3176.56,6366
Mignon,Haughian,33,Montbrison,Female,6890.12,6380
Charleen,Claughton,62,Pucara,Female,8291.88,6409
Willdon,Joutapavicius,13,Nanyang,Male,8249.18,6410
Joni,McWard,83,Tall aḑ Ḑamān,Female,3775.78,6414
Rheta,Skippen,93,Taiyu,Female,1086.23,6427
Kendra,Peirce,92,Guanagazapa,Female,18241.2,6428
Jack,Leavens,87,Remolino,Male,4209.11,6435
Christos,Gull,2,Cabanbanan,Male,10816,6439
Mikkel,Halward,33,Lazarevskoye,Male,731.04,6455
Northrop,Vauter,61,Nianpan,Male,575.06,6461
Madalena,Gilks,42,Dome,Female,17400.98,6467
Mandy,Pepperill,43,Rangmanten,Female,6794.18,6472
Geneva,Totterdill,98,Purworejo,Female,12686.46,6491
Carson,Putten,82,Sukamaju Kidul,Male,6857.56,6493
Florance,Lockner,76,Karanganyar,Female,3335.8,6494
Kris,Gatrill,2,Panggungwinong,Male,2294.31,6498
Ruby,Botterell,97,Lingzhi,Female,12766.82,6519
Loralyn,Armell,18,Freiria,Female,3518.55,6523
Ronny,Conman,57,Salimbao,Female,14960.91,6565
Trumann,Wordsworth,94,La Soledad,Male,7774.35,6565
Ivy,Covil,88,Chiri-Yurt,Female,2952.96,6565
Natka,Wozencraft,99,Lamoso,Female,17806.22,6575
Arvin,Iles,37,Evansville,Male,12000.66,6584
Tan,Lepper,47,Businga,Male,5224.58,6588
Ashlie,Murrison,58,Ariana,Female,12273.21,6593
Sollie,Sanders,41,Al Qadarif,Male,11096.14,6595
Carrie,Emnoney,29,Krajanbonjor,Female,14814.67,6604
Latrena,Zannotti,71,Topi,Female,4500.74,6605
Sherilyn,Edgeson,37,Valdemarsvik,Female,10085.49,6605
Lexis,Abramovici,80,Enskede,Female,12200.34,6610
Gray,Febre,85,Kwidzyn,Male,13093.03,6616
Dorine,Marcum,28,Żabno,Female,307.91,6636
Micky,Lightowler,1,Thị Trấn Tủa Chùa,Male,11252.39,6660
Sasha,Mulliner,39,Rokiciny,Female,12735.78,6663
Murial,Draycott,55,Tanabe,Female,9363.05,6679
Dacey,Kob,27,Samacá,Female,6539.86,6686
Dimitry,Croome,18,Santa Cruz,Male,10499.38,6689
Rafe,Lewins,3,Jesús María,Male,5174.7,6697
Kendricks,Marrable,57,Lillers,Male,10949.16,6698
Lisbeth,Bowlas,15,Omuthiya,Female,6486.56,6720
Suzie,Jarratt,35,Hīt,Female,10196.51,6720
Eadith,Averill,56,Sumberpandan,Female,12771.42,6730
Trula,Flasby,35,La Virginia,Female,12664.68,6733
Hunt,Poluzzi,93,Kuje,Male,5984.56,6735
Siward,Kinner,49,Guantang,Male,18139.9,6736
Crissie,Hinks,7,Caminaca,Female,13628.53,6753
Edsel,Freckingham,93,Tabuating,Male,18510.33,6755
Ches,Kennady,39,Dobra,Male,7541.17,6758
Barnard,Vink,1,Gudermes,Male,18923.16,6772
Elfie,Rosnau,46,Xiaoshi,Female,4372.15,6778
Tallie,Gergolet,63,Tianzhu,Female,19121.87,6783
Fawnia,Laugherane,78,Hengjing,Female,2693.8,6794
Tildy,Imesen,25,Mont-de-Marsan,Female,11590.79,6804
Hillery,Creavan,37,Gaoshibei,Male,9793.14,6816
Krissie,Seine,61,Ciawi,Female,362.5,6860
Elvyn,Segrott,38,Vitry-sur-Seine,Male,13882.67,6894
Nikaniki,Manis,77,Okhansk,Female,14901.57,6907
Glory,Masseo,19,Ōtsu-shi,Female,5247.37,6911
Bradley,Mahmood,24,Andovoranto,Male,17903.5,6915
Joleen,Stonelake,97,São Miguel do Guamá,Female,18171.33,6943
Bendite,Deakes,54,Rosmalen,Female,11428.53,6952
Ham,Leopold,42,Kyzyl-Kyya,Male,19518.75,6952
Celestine,Trethewey,30,Santo Isidro,Female,18994.35,6964
Ethelred,Crathorne,26,Kuwait City,Male,17858.94,6987
Jeniffer,Huitson,46,Shaxi,Female,15574.23,6994
Leila,Forsythe,39,Tugulym,Female,9697.7,6994
Silvano,Lufkin,19,Gutian,Male,7011.97,7006
Pierrette,Leggan,71,Jixiang,Female,19436.72,7017
Brittne,Wetherell,4,Jindřichov,Female,4327.75,7026
Elisha,Bridgeland,50,Jiuquan,Male,1457.15,7050
Kingsly,Poskitt,48,Demba,Male,11160,7060
Nathan,Brixey,24,Jindong,Male,326.82,7074
Fleur,Trayte,75,Kowingir,Female,10941.8,7080
Taber,Knoles,6,Aberdeen,Male,18495.9,7085
Glynn,Mettricke,36,Zhirnovsk,Male,14151.33,7104
Jodee,Frankis,77,Kajaani,Female,9521.27,7106
Beltran,Ryce,94,Jingmen,Male,16178.4,7123
Ulises,Sleicht,90,Chesapeake,Male,338.83,7138
Giles,Sirl,33,Ouidah,Male,11042.67,7145
North,Yukhnin,100,Rymanów,Male,19836.18,7150
Vivyanne,McTrustrie,51,Oelaba,Female,6940.56,7155
Selena,Stivey,23,Demba,Female,12508.92,7159
Bambi,Norewood,63,Tawau,Female,5662.63,7198
Ingmar,Viscovi,20,Amiens,Male,2465.74,7209
Jessie,Huggin,8,Al Mazra‘ah ash Sharqīyah,Female,8447.41,7216
Giraud,Gurery,9,Tahara,Male,15629.08,7282
Fidole,Tibald,49,Nagoselo do Douro,Male,13912.44,7292
Carleen,Cordero,88,Dongmazar,Female,9999.85,7311
Jean,Bard,71,Borzoy,Female,11344.18,7337
Gal,Songust,4,Guaíra,Male,1766.26,7338
Delphine,Haugen,7,Tulle,Female,10916.89,7353
Deeann,Tellesson,22,Guanajay,Female,10766.46,7357
Tobin,Fernan,96,Mander,Male,1853.54,7379
Ulrika,Di Biaggi,50,El Real,Female,1481.38,7392
Tyrone,Letford,86,Juntang,Male,15702.83,7405
Vittorio,Benham,85,Casal de Cambra,Male,129.75,7406
Moise,Brittoner,6,Neyvo-Rudyanka,Male,2584.63,7424
Dorothee,Scarlon,93,Sliema,Female,3265.99,7442
Saw,Ivel,91,Kalampáka,Male,1931.21,7454
Goddard,Dominelli,39,Yanping,Male,2140.04,7469
Delly,Slay,3,Krasnyy Oktyabr’,Female,11098.09,7480
Diena,Panons,2,Tajrīsh,Female,13220.75,7485
Geno,Almond,21,New Westminster,Male,5817.33,7503
Nichol,Flawn,90,Gaiyang,Female,16409.32,7511
Jenelle,Clinton,79,Kaytitinga,Female,11769.67,7529
Tessi,Pechell,87,Međa,Female,3720.88,7542
Arvin,Draper,86,Dobryanka,Male,5631.2,7569
Nancy,Innis,55,Hannō,Female,15212.85,7580
Evin,Foxley,21,Dashtobod,Male,9588.4,7585
Toby,Leatt,25,Karangasem,Female,16417.63,7585
Suzy,Beachem,46,Itaperuna,Female,12042.55,7602
Ethel,Muffen,88,Agdangan,Female,6377.93,7611
Trista,Stening,22,Catia La Mar,Female,3211.89,7655
Madelena,Shury,59,Kristianstad,Female,5504.1,7659
Warren,Markus,17,Pashiya,Male,17846.07,7661
Bernie,Andreoletti,19,Acli,Male,15533.97,7663
Shanda,Gillbanks,92,Changxingbao,Female,6810.19,7664
Erskine,Brunesco,10,Svetlograd,Male,15471.27,7669
Goldina,Standbridge,50,Mougins,Female,9964.3,7676
Kirbie,Cristofvao,56,Lampang,Female,16058.45,7680
Cullan,Epine,43,Munduk,Male,18140.93,7687
Nora,O'Kieran,89,Quanxi,Female,14910.71,7697
Jonis,Sussans,100,Qal‘ah-ye Shahr,Female,12206.67,7736
Melonie,Rickeard,42,Kukawa,Female,16932.39,7740
Coleman,Georgins,82,Rio Grande,Male,5299.73,7749
Theadora,Jorden,49,Vancouver,Female,998.08,7756
Helaina,Radclyffe,54,Tongjin,Female,13815.46,7760
Nicolis,Ehlerding,43,Starobin,Male,17272.11,7774
Laney,O'Fielly,73,Sierpc,Female,11049.29,7795
Xylia,Gregson,27,Viradouro,Female,13899.64,7809
Sherwood,Gostage,83,Dajt,Male,1166.37,7811
Roxanne,McIlvoray,1,Fukou,Female,2626.28,7815
Magda,Clancey,31,Lagoa,Female,19499.75,7828
Micah,Penniall,7,Abuxarda,Male,17971.45,7840
Pierson,De Blasi,44,Xitieshan,Male,12802.3,7845
Job,Plumer,39,Ajuda,Male,6161.34,7850
Lilly,Wogan,60,Knoxville,Female,16833.81,7868
Anthony,Harmstone,70,Bondokodi,Male,3359.63,7872
Jemie,Pee,84,Shanghu,Female,1539.04,7883
Sutherland,Rubinivitz,78,Dzyatlava,Male,17439.01,7909
Winonah,Swaite,23,Wuguishan,Female,16602.42,7932
Myrtice,Klus,75,Huangtian,Female,12874.69,7958
Timotheus,Rembrandt,40,Asahikawa,Male,3209.59,7967
Dido,Tailby,92,Thị Trấn Pác Miầu,Female,12537.26,7981
Che,Castellino,1,Vila Nova de Milfontes,Male,7934.51,7983
Pavlov,Bandey,76,Coaraci,Male,2380.41,7994
Nollie,Stonuary,32,Laozhuang,Male,7303.74,7995
Ossie,Kidwell,48,Gorjani,Male,9167.38,7997
Robert,Strond,64,Ash Shaykh Zuwayd,Male,15996.63,7998
Alonzo,Friese,100,Reims,Male,11613.33,8021
Jackie,Burbridge,64,Danxi,Female,3441.48,8022
Wendye,Bobasch,62,Sosnówka,Female,9733.39,8070
Evin,Tidey,78,Barguzin,Male,16798.36,8089
Hyman,Fforde,14,Peristerá,Male,5582.99,8093
Mead,Lea,52,Lyon,Male,742.23,8106
Brose,Melloi,94,Rybnaya Sloboda,Male,17790.3,8111
Georg,Eyckelbeck,75,Ngadri,Male,9823.25,8114
Francesca,Thurber,96,Dong’an,Female,17086.02,8127
Sherie,Lammerich,44,Dashev,Female,8084.86,8141
Noby,Minnette,29,Chocos,Male,13514.91,8149
Brett,Binner,20,Zamoskvorech’ye,Male,18822.08,8154
Doretta,Antonio,7,Monroe,Female,18545.33,8157
Hal,Blincoe,45,Porvoo,Male,8049.82,8166
Kale,Schult,82,Jingchuan,Male,16643.63,8170
Tarah,Whyteman,21,Horlivka,Female,8081.8,8184
Araldo,Karpinski,19,Krajan,Male,2128.04,8187
Bessy,Larvor,94,Pasłęk,Female,3228.54,8220
Seymour,Anshell,87,Oklahoma City,Male,4081.53,8235
Angelo,Davidove,3,Laliki,Male,3421.57,8249
Jerome,Benjefield,50,Gamagōri,Male,10043.5,8250
Kerri,Blackmuir,27,Kobrinskoye,Female,8077.65,8256
Edgard,Gentric,56,Shengli,Male,18339.82,8258
Sianna,Connop,45,Jijiga,Female,1287.7,8260
Marmaduke,Rentoul,98,Shinkafe,Male,967.67,8261
Teriann,Rounce,36,Kelīshād va Sūdarjān,Female,8383.29,8282
Daniele,Realph,95,Puncaksari,Female,14021.71,8287
Mariam,Schindler,57,Cilolohan,Female,9666.5,8287
Charo,Smurfitt,65,Hewa,Female,8838.1,8289
Abagail,Mates,88,Tual,Female,1485.62,8291
Sal,Dellow,35,Kramarzówka,Female,18444.71,8292
Gayleen,Dowyer,100,Gaotang,Female,13863.44,8311
Alys,Sebert,3,Umanggudang,Female,16585.45,8322
Kinnie,Kedward,42,Elói Mendes,Male,15685.04,8326
Aida,Cocozza,38,Sofiyivka,Female,15534.67,8331
Knox,McGebenay,71,Novokuybyshevsk,Male,16191.7,8340
Ellis,Wolfer,17,Elaiochóri,Male,10973.38,8343
Kendell,Littrik,22,Boca Suno,Male,3041.51,8349
Lacie,Woollam,38,Balekersukamaju,Female,16096.66,8359
Myrvyn,Blader,52,Fedorovka,Male,14198.12,8360
Maura,Sellen,15,Poddor’ye,Female,3225.56,8371
Erskine,Diplock,55,Skellefteå,Male,6139.17,8385
Clementina,Ballister,30,Lewodoli,Female,4821.82,8386
Celesta,Welfare,60,San,Female,18235.62,8386
Sawyere,Sugarman,68,Mucllo,Male,10013.64,8392
Klement,Soldner,66,Toledo,Male,13972.62,8400
Page,Ibert,69,Rongcheng,Male,13587.74,8407
Rory,Cabrales,75,Flandes,Male,4140.2,8410
Gwenny,Hubane,29,Santa Ana Huista,Female,16756.88,8414
Bent,Ernshaw,95,Novi Travnik,Male,9863.98,8416
Dominica,MacAne,59,Zboriv,Female,17118.82,8418
Rivkah,Vogelein,11,Matanog,Female,13160.54,8443
Skylar,Naldrett,23,Ilagan,Male,706.73,8457
Ignatius,Topling,54,Sylvan Lake,Male,16337.69,8485
Thebault,Naul,79,Bella Unión,Male,12588.35,8500
Jackie,Barlace,58,Smyga,Male,14978.08,8502
Kellsie,Tomadoni,87,Pingpo,Female,8170.85,8523
Margette,O'Loinn,46,Guamal,Female,1432.59,8533
Moses,McMorran,14,Pszczyna,Male,6098.23,8542
Towny,Smithyman,96,Heichengzi,Male,130.21,8544
Port,Ravelus,73,Buenos Aires,Male,13440.14,8560
Maressa,Haack,10,Orimattila,Female,155.99,8565
Markos,Senn,14,Hidalgo,Male,15619.02,8593
Roland,Dawtre,45,Isangel,Male,7961.46,8593
Ginevra,Gogarty,70,Velyki Sorochyntsi,Female,2047.4,8603
Bernhard,Dungate,18,Kousa,Male,4199.48,8617
Ave,Pringle,100,Mönchengladbach,Male,13989.17,8625
Tove,Bottinelli,30,Brumadinho,Female,1074.47,8625
Griffith,Kopec,42,Companhia de Baixo,Male,3010.21,8631
Aylmar,Dyett,98,Dhī Nā‘im,Male,17886.61,8633
Minetta,Baudrey,66,Kemuning,Female,262.81,8634
Shayla,Selway,19,Nanhuang,Female,5251.51,8639
Faythe,Emms,92,Abaetetuba,Female,17303.09,8664
Huey,Maddigan,98,Mollas,Male,448.25,8670
Jilleen,Loutheane,98,Tata,Female,19583.98,8670
Maryjo,Hambidge,21,Nova Viçosa,Female,16801.81,8684
Enrichetta,Capeling,72,Novotroitsk,Female,8707.66,8689
Skip,Filewood,16,Ji Paraná,Male,3290.63,8715
Vevay,Stit,87,Sychëvo,Female,4373.29,8720
Gordon,MacGibbon,3,Kalāleh,Male,525.73,8738
Cherrita,Devenny,31,Jāsim,Female,3194.62,8740
Joelynn,Sumnall,29,Kagawasan,Female,3272.53,8770
Bard,Giraudo,30,Łąck,Male,6004.53,8784
Nadean,Simonutti,60,Nanfeng,Female,7626.91,8790
Xena,LaBastida,58,Räpina,Female,5571.58,8807
Osgood,Ackland,74,Daxing,Male,7656.32,8814
Maurizio,O'Hoey,56,Bipolo,Male,7206.67,8822
Venus,Pittman,21,Stochov,Female,787.95,8836
Gabbie,Smeeton,9,San Nicolás,Male,6423.05,8836
Markus,Fretson,24,Pomiechówek,Male,739.8,8851
Bernard,Haddleton,52,Gayamsari,Male,16591.53,8854
Cindi,Gargett,54,Yuping,Female,7768.74,8868
Murry,Hovee,78,Round Rock,Male,9488.38,8881
Glenine,Goddman,76,Palma Gil,Female,12093.28,8881
Rowan,Guare,4,Biały Bór,Male,5764.73,8881
Lefty,Conring,20,Mojocoya,Male,9628.72,8884
Arline,Dorran,49,Rosais,Female,10662.15,8897
Liam,Barkley,3,Shaliangzi,Male,8501.02,8906
Claudetta,Pierrepoint,65,Czarna,Female,13988.44,8908
Ynez,Banbridge,79,Washington,Female,2841.84,8930
Eberhard,Tibbles,34,Moanemani,Male,896.99,8931
Ricki,Orrobin,70,Kuçovë,Male,13353.9,8942
Cathie,O'Hartagan,2,Sarandë,Female,19233.7,8972
Loretta,Drakard,1,Weihai,Female,6353.12,8980
Aloysius,Nisen,37,Arnhem,Male,11734.83,8993
Annalee,Vondracek,1,Las Garcitas,Female,7076.83,8994
Montague,Shilleto,91,Sinfra,Male,176.23,9003
Giorgio,Mulford,80,Santo Tomas,Male,11940.07,9016
Bat,Thewles,46,Garhi Khairo,Male,7266.69,9019
Rianon,Shew,2,Zhouxi,Female,7932.52,9031
Lyell,Cadreman,45,Antipino,Male,16687.69,9034
Mead,Penswick,66,Bcharré,Female,448.56,9041
Stoddard,Crowdy,17,Linköping,Female,1969.29,9045
Jilli,Petris,36,Garoua Boulaï,Female,6671.11,9053
Milka,Rudge,47,Castlebridge,Female,17338.7,9056
Legra,McCraw,7,Topolovgrad,Female,16238.23,9067
Moshe,Yurov,93,Chynadiyovo,Male,2934.47,9079
Melvyn,Stibbs,28,Longwood,Male,19622.77,9085
Drusilla,Radnage,43,Noisy-le-Grand,Female,11327.45,9091
Kristi,Cockshut,48,Babagan,Female,16807.79,9092
Abraham,Dreier,90,Nagahama,Male,4789.37,9096
Bennett,Franks,88,Padurung,Male,6070.08,9111
Barnebas,Jzhakov,45,Diego de Almagro,Male,5427.59,9129
Derick,Calf,95,San Mateo,Male,8170.25,9132
Jane,Elsmore,95,Llusco,Female,15680.46,9134
Nessi,Twyford,68,Pahonjean,Female,4684.19,9157
Marti,Yegoshin,67,Mantalongon,Female,15734.87,9168
Sawyer,Hamill,6,Níkiti,Male,17607.59,9168
Matthiew,Jessopp,53,Azogues,Male,10970.63,9171
Maddalena,Juares,72,Mojosari,Female,12848.03,9181
Petr,Doncaster,87,Limbo,Male,12268.01,9192
Bride,Borges,11,Luziânia,Female,405.41,9193
Modesty,Von Gladbach,61,Khān Shaykhūn,Female,1340.71,9206
Xever,Peele,46,Santa Catalina,Male,14759.85,9208
Barclay,Bodill,44,Al Funayţīs,Male,3838.35,9220
Brunhilda,Jane,73,Khandagayty,Female,4994.74,9230
Laetitia,Deere,17,Itaperuçu,Female,16195.16,9259
Lezlie,Roycroft,61,Duczki,Female,623.14,9261
Diena,Lamden,15,Fullerton,Female,1638.02,9273
Rozella,Henrichs,63,Liulihe,Female,7343.94,9285
Gustaf,McAlarney,86,Magisterial,Male,3588.53,9289
Alethea,Wakeley,16,Staryy Dobrotvir,Female,10949.79,9306
Giordano,Righy,6,Uniejów,Male,9602.47,9315
Hasty,Boschmann,88,Dashtavan,Male,16324.44,9333
Katie,Bonafant,18,Nanganumba,Female,6832.37,9341
Arlene,Gianelli,90,Hekou,Female,17671.1,9344
Mandi,Gudyer,83,Czerniejewo,Female,19350.79,9344
Paul,Cadigan,94,Bhairab Bāzār,Male,1351.65,9345
Joe,Dormand,53,Engel’s,Male,13615.38,9365
Car,Linggood,46,Puamata,Male,18949.1,9365
Cherida,Duigan,76,Bueng Khong Long,Female,13467.14,9366
Normand,Scotney,41,Duobagou,Male,16220.61,9376
Heriberto,Fforde,11,Bagé,Male,1288.46,9383
Thadeus,Grewe,72,Zhirnovsk,Male,3422.19,9387
Jessamine,Moxson,41,Tha Luang,Female,4511.3,9412
Lebbie,Watford,18,Hangkou,Female,19672.61,9413
Vladamir,Samett,10,Thị Trấn Mù Cang Chải,Male,9988.04,9425
Lemmy,Stribbling,5,Makui,Male,12197.41,9425
Bessie,Duffett,41,Su-dong,Female,7992.57,9439
Ossie,Wren,33,Charikar,Male,19523.75,9441
Frannie,Pelz,53,Elói Mendes,Female,7945.05,9441
Maurene,Golley,50,Binangun,Female,2624.75,9462
Marian,Flade,75,Agarsin,Female,16304.96,9496
Aila,Kidgell,25,Shawnee Mission,Female,4793.51,9503
Ethe,Zute,51,Bilice,Male,4654.79,9514
Arden,Eyckelbeck,27,Marisgama,Female,17234.01,9517
Dane,Foggo,3,Śliwice,Male,14234.07,9534
Emmalee,Giovannilli,78,Santo Niño,Female,6433.9,9543
Joyous,Meggison,44,Panyingkiran,Female,4486.98,9560
Ford,Odde,53,Duang,Male,16405.55,9589
Melamie,Kernock,83,Santa Rosa de Viterbo,Female,15408.78,9590
Aura,Hakonsen,8,Contagem,Female,13864.74,9594
Silvester,Rearden,87,Juranalas,Male,11887.97,9595
Angelica,Wiffield,79,Vogar,Female,1680.26,9603
Ernestus,Pigrome,70,Guanlu,Male,3960.97,9609
Lanna,Seeler,62,Umm Ruwaba,Female,12924.84,9612
Paton,Ganderton,54,‘Aşīrah ash Shamālīyah,Male,18351,9625
Xavier,Baison,89,Osoyoos,Male,6785.77,9630
Allen,Merry,81,Cayenne,Male,9500.69,9631
Krisha,Durnall,58,Sinajana Village,Male,7574.27,9631
Kenon,Standbridge,3,Garwolin,Male,9121.52,9634
Kelcie,Allwright,71,Glamoč,Female,15974.42,9650
Caritta,Bowhay,44,Jiangkou,Female,18945.8,9658
Bernete,Gunner,5,Rongkou,Female,10111.28,9664
Mickie,Cotgrove,33,Biggar,Male,2015.17,9668
Allayne,Grinin,19,Igarra,Male,16386.26,9677
Dudley,Eaton,60,Krajan Kinanti,Male,7465.04,9714
Tori,Keasley,36,Saint-Jean-de-Monts,Female,15910.25,9722
Minette,Mouncey,37,Khoyniki,Female,6075.74,9725
Mile,Outhwaite,71,Falun,Male,18242.11,9740
Nikki,Daish,100,Providence,Male,16189.57,9740
Miltie,Goodyear,28,Bačka Palanka,Male,9120.4,9752
Valaria,Barbary,16,Onokivtsi,Female,10213.82,9760
Tiertza,McCarlie,29,Kanye,Female,16862.52,9796
Ernestus,Montfort,90,Žatec,Male,6415.64,9805
Chadd,Kollas,78,Strasbourg,Male,6800.47,9813
Libbie,Hallewell,52,Huajlaya,Female,7270.8,9834
Giusto,Quantrell,23,Rassvet,Male,16468.41,9851
Cordelia,Raeburn,40,Segodim,Female,14673.93,9874
Emmerich,McAlindon,39,Zhijin,Male,3775.77,9900
Isidro,Card,54,Montfavet,Male,6321.62,9914
Gregoire,Abazi,79,Nauchnyy Gorodok,Male,968.1,9915
Mahmud,McKew,49,Dongxing,Male,10179.75,9929
Meggi,Baselio,56,Chaka,Female,9274.35,9953
Son,Phillcock,52,N’dalatando,Male,9601.31,9953
Jordan,Caverhill,100,Předměřice nad Labem,Male,3987.55,9972
Osborne,Lembcke,80,Baton Rouge,Male,9752.16,9992
Vikky,Matthew,37,Siuna,Female,18587.19,9994
Packston,Gately,84,Urdaneta,Male,4797.51,9996