Brianna,bsmythin0@uol.com.br,Japan,Buick
Kathlin,kschott1@msn.com,Czech Republic,Lotus
Cari,cdoman2@stanford.edu,Japan,Hummer
Mylo,mroalfe3@squidoo.com,United States,Chevrolet
Willabella,wkierans4@liveinternet.ru,Colombia,Lamborghini
Moreen,mberick5@miibeian.gov.cn,Ukraine,Chevrolet
Ellene,ebrittlebank6@smugmug.com,Bahamas,Mercury
Jaime,jwhimpenny7@feedburner.com,Togo,Toyota
Auberta,adivver8@statcounter.com,Senegal,Infiniti
Roma,rleguay9@so-net.ne.jp,Sweden,Scion
Welch,wpatrya@creativecommons.org,Philippines,Ram
Raynard,rcoopeb@engadget.com,Czech Republic,Pontiac
Clemmy,cizchakic@pbs.org,Kazakhstan,Mitsubishi
Sonny,sivannikovd@state.tx.us,Sweden,Buick
Normy,nbrabbene@cloudflare.com,Philippines,Aston Martin
Bathsheba,bconduitf@nps.gov,New Zealand,Toyota
Constance,ccraykeg@nydailynews.com,China,Pontiac
Courtenay,cwoolstenholmesh@time.com,Botswana,Pontiac
Curt,cderoosi@sourceforge.net,Chile,Mercedes-Benz
Allen,abrandassij@people.com.cn,China,Buick
Rocky,rfarnyk@redcross.org,China,Bentley
Jerrilee,jmartinil@oracle.com,Uruguay,Mercedes-Benz
Marilyn,mdroughtm@multiply.com,Madagascar,Mazda
Dalis,ddoddrelln@accuweather.com,China,Toyota
Jeanine,jwilkowskio@epa.gov,Germany,Ford
Estele,edrachep@google.com.br,China,Suzuki
Oberon,ofredianiq@dell.com,Honduras,Mercedes-Benz
Tait,twoollettr@soundcloud.com,China,Holden
Magdalena,mrickets@cdc.gov,Russia,Lamborghini
Stormi,skhristoforovt@time.com,Philippines,Saturn
Else,efudgeu@bloglovin.com,Honduras,Infiniti
Alanna,atanserv@de.vu,Ukraine,Lexus
Dalenna,dpieterickw@tamu.edu,Portugal,Scion
Eloise,eparkhousex@npr.org,China,Nissan
Hephzibah,hcreggy@va.gov,Sweden,Toyota
Grissel,gperrymanz@google.es,Russia,Dodge
Colin,cgooday10@amazon.de,Canada,Corsa
Beverlie,bcarmody11@nih.gov,China,Mitsubishi
Dionysus,dmoggan12@ted.com,Colombia,Audi
Yardley,yballston13@acquirethisname.com,Greece,Mercedes-Benz
Aleda,amacaless14@netlog.com,Brazil,Infiniti
Freddi,fbaylis15@earthlink.net,Indonesia,Honda
Ade,aphelit16@un.org,Ireland,Chevrolet
Misha,mrodolico17@mail.ru,Armenia,Toyota
Kermie,kpignon18@nba.com,Finland,Mitsubishi
Filberte,ffontaine19@twitpic.com,Vietnam,Toyota
Jermaine,jskyrme1a@theatlantic.com,Angola,Cadillac
Cally,ccusted1b@blogs.com,Cambodia,GMC
Vick,vjob1c@edublogs.org,Russia,Chevrolet
Penny,pspirritt1d@zimbio.com,France,Nissan
Livy,lheppenspall1e@quantcast.com,Comoros,Ford
Karel,kshearer1f@netvibes.com,France,Subaru
Jonell,jhusband1g@mapquest.com,Philippines,Ford
Shalne,smaffioni1h@digg.com,Serbia,Dodge
Goraud,ggauge1i@samsung.com,Sweden,Audi
Cally,cgerriessen1j@zdnet.com,Malawi,Suzuki
Selinda,sfettiplace1k@engadget.com,Indonesia,Chevrolet
Bret,brobarts1l@is.gd,Indonesia,Ford
Launce,lhawkins1m@feedburner.com,Egypt,Alfa Romeo
Danya,dkordt1n@squarespace.com,China,Chevrolet
Clark,cskippen1o@fc2.com,Norway,Mitsubishi
Orren,ooldey1p@comcast.net,Portugal,Nissan
Doyle,dbareham1q@1und1.de,Canada,Pontiac
Ivonne,imckeachie1r@youtu.be,Serbia,Volkswagen
Emanuel,eayris1s@imageshack.us,Portugal,Volkswagen
Hans,hrosin1t@nps.gov,Bulgaria,Chrysler
Damon,ddannell1u@sourceforge.net,China,Eagle
Nanette,nmacinerney1v@hexun.com,Russia,Ford
Ginger,gharrowing1w@google.es,Portugal,Mercedes-Benz
Hasheem,halphonso1x@ebay.com,Spain,Chevrolet
Nicol,nstrauss1y@sphinn.com,Estonia,Toyota
Dion,dbertome1z@123-reg.co.uk,China,Chevrolet
Martelle,mstrass20@wikia.com,Poland,Volvo
Bentley,bbrute21@businessweek.com,Bosnia and Herzegovina,Audi
Kaylil,ksammon22@eepurl.com,France,Mercedes-Benz
Thomasine,tmarklin23@godaddy.com,Philippines,Mitsubishi
Gaston,gdrinkhall24@godaddy.com,Poland,Volkswagen
Dana,dgeraudy25@imgur.com,China,Chevrolet
Jacklin,jdurtnel26@elegantthemes.com,Philippines,BMW
Sarette,segglestone27@mozilla.org,Jordan,Acura
Ahmad,adutnall28@netscape.com,China,BMW
Donetta,dkeeves29@merriam-webster.com,Sweden,Porsche
Anderson,abowie2a@etsy.com,Portugal,Nissan
Alikee,apeare2b@eepurl.com,China,BMW
Yardley,ymcgeady2c@omniture.com,Poland,Pontiac
Deena,dclue2d@google.it,Bangladesh,Volvo
Jilli,jeyckelbeck2e@free.fr,Vietnam,Lexus
Mabelle,mwiszniewski2f@squidoo.com,China,Lincoln
Ellyn,eelverston2g@ow.ly,United States,BMW
Chilton,cmelbert2h@ameblo.jp,Philippines,Jaguar
Elbertine,edifrisco2i@illinois.edu,South Africa,GMC
Merrilee,mhibbart2j@com.com,Pakistan,GMC
Justina,jbaynton2k@issuu.com,Venezuela,Chrysler
Asa,agatus2l@typepad.com,Serbia,Nissan
Marwin,maven2m@amazon.co.jp,Brazil,Porsche
Luci,lbabington2n@amazonaws.com,Honduras,Mitsubishi
Barclay,beddis2o@so-net.ne.jp,Colombia,GMC
Asa,ajobb2p@a8.net,Thailand,Ford
Anabella,aspreckley2q@china.com.cn,China,Infiniti
Willette,wgrelka2r@xinhuanet.com,France,Ford
Harli,hwadworth2s@aol.com,Portugal,Lotus
Cord,cgott2t@mail.ru,Italy,Hummer
Gillan,gsullly2u@webmd.com,Argentina,Kia
Meris,mthompkins2v@goodreads.com,Greece,Honda
Delly,dcoats2w@lycos.com,Canada,Mazda
Tedmund,tstoeckle2x@prweb.com,Indonesia,Chevrolet
Kailey,ktedstone2y@zdnet.com,Ukraine,Corsa
Grayce,gmaggi2z@scribd.com,Japan,GMC
Gerda,gblackesland30@123-reg.co.uk,China,Ford
Coleen,cmanilow31@cocolog-nifty.com,Ukraine,Ford
Adiana,aschultz32@cargocollective.com,Cuba,MINI
Germana,glewry33@usgs.gov,Zimbabwe,Suzuki
Elmo,eakrigg34@eepurl.com,Philippines,Saturn
Thorin,teate35@slate.com,China,Ford
Ellette,eorviss36@hc360.com,Jamaica,Toyota
Merrili,mspringall37@columbia.edu,Brazil,Mazda
Curtice,cjumont38@hud.gov,Indonesia,Bentley
Hershel,hmoppett39@ifeng.com,China,Lexus
York,ycrabbe3a@sogou.com,China,Buick
Cristionna,cdornan3b@hugedomains.com,Luxembourg,Chevrolet
Miranda,mmaclise3c@cam.ac.uk,Ukraine,Eagle
Nina,njouen3d@springer.com,Russia,Mazda
Coretta,cmiguel3e@edublogs.org,Brazil,Volvo
Wylma,wdaintier3f@stumbleupon.com,Cuba,Mercury
Eziechiele,etiltman3g@miibeian.gov.cn,China,Buick
Garwin,gkarby3h@reuters.com,Brazil,Ford
Zaccaria,zhuett3i@amazon.de,Syria,Toyota
Ody,ojacquot3j@ebay.co.uk,China,Mercedes-Benz
Terri,tmogridge3k@gnu.org,Indonesia,Buick
Symon,scanfer3l@ucla.edu,Senegal,Acura
Imelda,imafham3m@cargocollective.com,Argentina,Porsche
Swen,sstiegars3n@netlog.com,Indonesia,Ford
Judi,jharback3o@tmall.com,Poland,Buick
Marcello,mkensall3p@hp.com,France,Mazda
Elliott,eoverell3q@seesaa.net,Finland,Land Rover
Ado,aduling3r@forbes.com,Mexico,Saab
Eveleen,emichelle3s@lycos.com,Norway,Honda
Larina,lelecum3t@bing.com,Chile,Hyundai
Guillema,grichardeau3u@marriott.com,Russia,Nissan
Derk,dhorder3v@marketwatch.com,Ireland,Chevrolet
Radcliffe,rvannuccinii3w@slideshare.net,Afghanistan,Lincoln
Lorry,lbromhead3x@foxnews.com,Cuba,Dodge
Barrett,bbatchelder3y@trellian.com,Portugal,Holden
Wynn,wludye3z@prnewswire.com,China,Dodge
Lori,llally40@ifeng.com,Russia,Scion
Bren,bkyttor41@digg.com,France,Lincoln
Dionis,dmoncaster42@mozilla.org,China,Toyota
Iver,iespino43@wsj.com,Brazil,Ford
Shay,swinning44@ocn.ne.jp,Portugal,Pontiac
Reece,rditchett45@gnu.org,Brazil,Mazda
Lamar,lclarabut46@mtv.com,Czech Republic,GMC
Reynard,rbernardeau47@furl.net,Portugal,GMC
Garth,gbuey48@delicious.com,China,Porsche
Cedric,cthorley49@un.org,China,Honda
Melody,mmatches4a@deliciousdays.com,Poland,Dodge
Joice,jtasseler4b@businessweek.com,Poland,BMW
Pernell,pbalharry4c@bluehost.com,Portugal,Kia
Ulrike,uhaygreen4d@phpbb.com,Canada,Toyota
Danyette,dbelliss4e@skype.com,Luxembourg,Isuzu
Keary,kbrome4f@usatoday.com,Madagascar,Volvo
Dorette,dborsi4g@ocn.ne.jp,China,Audi
Belita,bhuitt4h@omniture.com,Colombia,Honda
Warden,wgration4i@bigcartel.com,United States,Cadillac
Arin,agogarty4j@indiatimes.com,China,Kia
Dinah,dadamolli4k@cpanel.net,Indonesia,Mitsubishi
Liza,lkelby4l@upenn.edu,Poland,Mercury
Morgun,mkalkofen4m@latimes.com,China,Chevrolet
Rowena,rroughan4n@va.gov,Vietnam,Isuzu
Enos,ecolbeck4o@unc.edu,Russia,Toyota
Fax,fbuckston4p@shinystat.com,China,Mitsubishi
Corrina,cgossop4q@narod.ru,Indonesia,Jeep
Lelah,lhavers4r@shareasale.com,China,Pontiac
Conrade,cthorne4s@devhub.com,Poland,Ford
Durward,drollingson4t@hao123.com,Czech Republic,Mazda
Nappy,nlauxmann4u@ed.gov,Indonesia,Chevrolet
Clemmie,cambrosch4v@examiner.com,Philippines,Dodge
Jermaine,jworvill4w@istockphoto.com,Macedonia,Ford
Benoite,browles4x@yelp.com,Israel,Volvo
Kris,kdorot4y@eventbrite.com,Czech Republic,Nissan
Caro,carcher4z@biblegateway.com,Morocco,Ford
York,yanker50@usgs.gov,China,Toyota
Devin,dchristophersen51@blogspot.com,Russia,Saab
Ramona,rrustedge52@bbb.org,Philippines,Mazda
Arvin,arelf53@walmart.com,China,Chevrolet
Dew,dcanaan54@un.org,Tajikistan,Rolls-Royce
Kania,kbeceril55@wikimedia.org,Ukraine,Ford
Danila,dspringle56@discovery.com,Guatemala,Kia
Colette,cstrettle57@sciencedirect.com,Portugal,Chrysler
Gena,gbeeke58@seattletimes.com,China,Porsche
Leroi,lbett59@dyndns.org,United States,Volvo
Emmalyn,etuddall5a@fema.gov,Brazil,Chevrolet
Sallyann,sflemyng5b@usatoday.com,China,Chevrolet
Guenna,gtant5c@quantcast.com,Italy,Chevrolet
Dionisio,dwooster5d@feedburner.com,Czech Republic,Kia
Hazlett,haland5e@example.com,Colombia,Nissan
Austen,anancekivell5f@engadget.com,Indonesia,Aston Martin
Cordelia,cbrandon5g@sphinn.com,Russia,Dodge
Pammy,pmcilmorow5h@51.la,China,Ford
Munroe,marpin5i@prweb.com,Indonesia,Honda
Fremont,fpatise5j@ca.gov,Canada,Mazda
Thatcher,tbatha5k@gizmodo.com,Czech Republic,Dodge
Allegra,alevi5l@ocn.ne.jp,Japan,Honda
Gilbert,gibbeson5m@hostgator.com,United States,Pontiac
Manny,mflowerden5n@ning.com,Bulgaria,Mercedes-Benz
Nata,nleggitt5o@aboutads.info,France,Cadillac
Napoleon,nhatliff5p@miitbeian.gov.cn,Guatemala,Lexus
Gizela,gpiburn5q@blogspot.com,Indonesia,Nissan
Frasquito,fpaullin5r@bbb.org,China,Dodge
Giovanni,gsainter5s@amazon.com,Indonesia,Chevrolet
Christiane,cdemetr5t@taobao.com,China,Chevrolet
Malchy,mberrey5u@usnews.com,Philippines,BMW
Lonny,llumpkin5v@sfgate.com,Brazil,Mercedes-Benz
Ora,odeport5w@cisco.com,Poland,Lexus
Nevins,ngoforth5x@pagesperso-orange.fr,Philippines,Eagle
Brantley,bsizeland5y@qq.com,Poland,Dodge
Moselle,mclaxton5z@shop-pro.jp,China,Buick
Baldwin,bsans60@mail.ru,Vietnam,Nissan
Sybille,smcshane61@nba.com,Tajikistan,Lexus
Anestassia,apinilla62@ycombinator.com,Macedonia,Buick
Coreen,cclynmans63@fc2.com,Poland,Plymouth
Binni,bdurtnel64@salon.com,Indonesia,Mazda
Chrissy,calway65@patch.com,Indonesia,Pontiac
Anett,agilkes66@cbc.ca,France,Mitsubishi
Lynea,leveque67@youku.com,China,Toyota
Alex,amertin68@nytimes.com,Russia,Chevrolet
Lowrance,lboman69@scribd.com,China,Suzuki
Reina,rdilger6a@cbc.ca,Nigeria,Buick
Art,amasson6b@hao123.com,Chile,Kia
Shanta,smacteggart6c@wix.com,France,Audi
Clerkclaude,ctixier6d@slashdot.org,France,Toyota
Dorris,dkeenlayside6e@wired.com,Czech Republic,Mitsubishi
Elysee,eledram6f@usatoday.com,Argentina,Eagle
Orsola,ogregoraci6g@arstechnica.com,Indonesia,Lexus
Fidelia,fmahomet6h@storify.com,Russia,Chevrolet
Denyse,dupshall6i@senate.gov,Japan,Geo
Rozamond,rrenney6j@t.co,Portugal,Chevrolet
Lilyan,lconnichie6k@geocities.com,Uruguay,Chevrolet
Carlos,clamplugh6l@wikispaces.com,France,Mitsubishi
Talbert,tdebanke6m@omniture.com,Russia,Mercedes-Benz
Sarajane,sbugs6n@scientificamerican.com,Philippines,Dodge
Margi,mpreshous6o@nbcnews.com,Honduras,Audi
Nelle,ndispencer6p@surveymonkey.com,Peru,Chevrolet
Sibelle,sficken6q@wix.com,Thailand,Nissan
Betty,bhillyatt6r@about.com,United States,Acura
Xever,xblincow6s@last.fm,Portugal,Chevrolet
Natalina,nhearnah6t@issuu.com,China,Honda
Shay,sabarough6u@umn.edu,Peru,Ferrari
Jennica,jwhiley6v@state.tx.us,Honduras,Toyota
Orland,okarpov6w@csmonitor.com,Indonesia,Mazda
Knox,kbirdis6x@xinhuanet.com,South Africa,Volkswagen
Darline,dlambin6y@desdev.cn,Afghanistan,Ford
Christy,cmacourek6z@google.com,Indonesia,Dodge
Bev,bbonellie70@liveinternet.ru,Kosovo,Ferrari
Fanechka,fferre71@nifty.com,Italy,Chevrolet
Willey,wmarcos72@abc.net.au,Canada,Jeep
Nonah,nreckless73@cisco.com,United States,Dodge
Ryley,rflintiff74@indiegogo.com,China,Mitsubishi
Marshall,mdyas75@deliciousdays.com,Sweden,GMC
Donn,deisold76@mediafire.com,Czech Republic,Dodge
Rosetta,rmcarthur77@samsung.com,Palestinian Territory,Maserati
Lucia,lfirk78@amazon.co.jp,China,Jaguar
Ailbert,afylan79@weibo.com,China,Dodge
Bertha,bruhben7a@chronoengine.com,Serbia,Dodge
Georgina,gverheyden7b@reference.com,Philippines,Honda
Clemens,cidwalevans7c@hostgator.com,China,Mitsubishi
Nobe,ntabourin7d@ebay.com,Philippines,Honda
Hedi,hballston7e@wikimedia.org,Peru,Ford
Taddeo,tmathe7f@wikia.com,Poland,Porsche
Karoly,kclymer7g@altervista.org,Dominican Republic,Buick
Tonye,tjozefowicz7h@stanford.edu,Portugal,Mercedes-Benz
Harwell,hseeks7i@nps.gov,Poland,Saab
Janey,jconrath7j@tmall.com,Kyrgyzstan,Cadillac
Evan,eswaisland7k@miibeian.gov.cn,China,Chrysler
Hershel,hkrzysztof7l@cafepress.com,Portugal,Daewoo
Thacher,tineson7m@pinterest.com,Brazil,Mazda
Nerita,npurdy7n@foxnews.com,Russia,Ford
Vin,vportlock7o@cnet.com,China,Lexus
Killie,kfarnham7p@loc.gov,Brazil,GMC
Ann,atorres7q@intel.com,Argentina,Volvo
Rolph,rclampton7r@xing.com,China,Lincoln
Barbette,bfalk7s@surveymonkey.com,Bosnia and Herzegovina,Audi
Hebert,hgreatland7t@goo.gl,Nigeria,Chrysler
Myca,mwoodes7u@wiley.com,Mozambique,Ford
Anabelle,adalgliesh7v@tumblr.com,Tanzania,Volkswagen
Ellwood,ebrierley7w@icq.com,South Africa,Acura
Brewster,bnemchinov7x@google.com.br,Brazil,Acura
Letta,lteresia7y@admin.ch,Brazil,Toyota
Shina,sparncutt7z@uol.com.br,Indonesia,BMW
Hope,hsaunderson80@gov.uk,Greece,Nissan
Dominick,dfarnsworth81@stanford.edu,Russia,Mercury
Manfred,mreuble82@mail.ru,Russia,Honda
Garrick,grobke83@lycos.com,China,Porsche
Lanni,ldelgadillo84@live.com,Czech Republic,Mitsubishi
Brianna,bharefoot85@devhub.com,China,Toyota
Jorey,jskingley86@aol.com,Philippines,Ford
Gillian,gmaxstead87@cmu.edu,Indonesia,Hyundai
Eveline,esurphliss88@technorati.com,France,Dodge
Alis,agapper89@nsw.gov.au,Germany,Audi
Kellina,kgrint8a@imageshack.us,France,Saturn
Dillie,dbenning8b@redcross.org,Portugal,Dodge
Axel,amyers8c@dell.com,Russia,Isuzu
Ingamar,ihenkens8d@unc.edu,Bulgaria,Ford
Gaspar,gpursglove8e@pbs.org,Armenia,Honda
Rafaelita,rflieger8f@indiatimes.com,Brazil,Pontiac
Bernadette,bbrabant8g@wordpress.org,Cameroon,Lincoln
Odo,omcneice8h@de.vu,Bulgaria,Mazda
Durante,dlacelett8i@about.com,Norway,Honda
Hogan,hwilkowski8j@cornell.edu,Portugal,Daewoo
Meghan,malam8k@moonfruit.com,China,Lexus
Kata,kdibiaggi8l@netscape.com,Indonesia,Audi
Kariotta,khancox8m@foxnews.com,China,Ford
Trista,tfieldgate8n@cornell.edu,Peru,Saab
Othella,ojovey8o@techcrunch.com,China,Audi
Seka,sabbes8p@skyrock.com,Argentina,Suzuki
Cherrita,clared8q@reuters.com,Chile,Dodge
Melitta,mcoucha8r@tiny.cc,China,Mitsubishi
Fergus,fallcroft8s@tuttocitta.it,Spain,Mazda
Cacilie,cjoyson8t@nyu.edu,Indonesia,Maserati
Templeton,tbutchard8u@house.gov,Argentina,Dodge
Jackqueline,jbottom8v@bravesites.com,Panama,Infiniti
Tammi,tbouchard8w@lulu.com,Thailand,Dodge
Kaitlyn,kpound8x@aboutads.info,Russia,Volkswagen
Davine,dpickwell8y@etsy.com,Mexico,Lexus
Hallsy,hwalworche8z@netlog.com,China,Buick
Lois,lroofe90@dailymotion.com,Philippines,Ford
Orson,olimrick91@mit.edu,Peru,BMW
Dianna,dpiggins92@hubpages.com,China,Audi
Kassie,kmothersdale93@twitpic.com,Philippines,Cadillac
Erminie,ehuggons94@icq.com,Indonesia,Dodge
Nissa,ncanwell95@rambler.ru,Poland,Lexus
Cynthea,ccareswell96@earthlink.net,Uzbekistan,Mitsubishi
Alena,akubasek97@storify.com,United States,Cadillac
Merrili,mmasurel98@elegantthemes.com,Indonesia,Suzuki
Wilmar,wjahn99@infoseek.co.jp,Sweden,Audi
Grady,griddett9a@trellian.com,Morocco,Chrysler
Eadie,egoly9b@ca.gov,China,Mitsubishi
Augustus,alonder9c@tumblr.com,Poland,Oldsmobile
Estel,eparadise9d@posterous.com,Philippines,Geo
Alana,akroll9e@scientificamerican.com,Sweden,Subaru
Nicko,ntilmouth9f@multiply.com,Mozambique,Ford
Lovell,lheis9g@example.com,France,Subaru
Dulcea,dclaffey9h@jalbum.net,Pakistan,Buick
Farlee,fbartelsellis9i@mtv.com,China,Lamborghini
Maria,mdelmonti9j@a8.net,Portugal,Chevrolet
Rosita,riwanowicz9k@mysql.com,Venezuela,Lexus
Gallard,gwiggins9l@who.int,France,Alfa Romeo
Brittni,bmcrobbie9m@nature.com,China,Pontiac
Geoff,gpotkin9n@webeden.co.uk,Russia,Mercedes-Benz
Carola,cblackhall9o@virginia.edu,Czech Republic,GMC
Siobhan,srigolle9p@github.io,Peru,Dodge
Merla,mdebruijn9q@theglobeandmail.com,Guatemala,Chevrolet
Madelle,mravenscroftt9r@businessweek.com,China,Morgan
Carlye,cdaintith9s@icq.com,Ukraine,Jaguar
Stephenie,sullrich9t@nsw.gov.au,China,GMC
Hilario,hvogelein9u@microsoft.com,China,Bentley
Jeffy,jrudinger9v@networksolutions.com,Czech Republic,Tesla
Hunfredo,hsommerville9w@naver.com,Ecuador,Mitsubishi
Chrysler,cmccrillis9x@who.int,Poland,GMC
Alexandr,adiament9y@chron.com,China,Honda
Gabriele,gcordey9z@tripadvisor.com,Russia,Lexus
Bibbie,bmiddlea0@harvard.edu,Kosovo,Geo
Anica,ajenta1@barnesandnoble.com,North Korea,Toyota
Madalyn,mlattosa2@sciencedaily.com,Sweden,Ferrari
Lev,lyeilesa3@flavors.me,Poland,Suzuki
Erick,eshayesa4@rambler.ru,China,Ford
Marylou,mchiechioa5@earthlink.net,Indonesia,Lexus
Cchaddie,croundtreea6@drupal.org,Peru,Buick
Saxon,ssharpea7@comcast.net,China,Dodge
Filide,fdallisona8@bizjournals.com,Ethiopia,GMC
Freemon,fhowlea9@umich.edu,Afghanistan,Pontiac
Eunice,eeayrsaa@hexun.com,Russia,Lincoln
Reg,rrestieauxab@photobucket.com,Sweden,Mercedes-Benz
Ianthe,idurrettac@blog.com,France,Pontiac
Ozzy,oiredalead@amazon.com,Russia,Oldsmobile
Lewes,lmacdirmidae@chron.com,Russia,GMC
Marsh,mswadenaf@zimbio.com,Senegal,Kia
Janessa,jtweenag@mlb.com,Thailand,Chevrolet
Linnet,lmatschossah@imdb.com,Portugal,Pontiac
Bald,bjobinai@symantec.com,China,Mitsubishi
Gates,gubsdellaj@plala.or.jp,Brazil,Ford
Kellsie,kpelchatak@diigo.com,Senegal,Dodge
Ruperto,rnorthenal@cafepress.com,Indonesia,Lexus
Reuben,rgozzardam@theguardian.com,Brazil,Isuzu
Chaunce,cduplantieran@google.com,Russia,Suzuki
Abby,acoverleyao@ycombinator.com,Ukraine,GMC
Guy,gabrahmsonap@addthis.com,Malaysia,Suzuki
Cleveland,cbroyaq@technorati.com,Indonesia,Buick
Elsworth,erowbreyar@phpbb.com,Colombia,Hyundai
Birdie,bwyperas@comcast.net,Guatemala,Volvo
Charlean,cqualtroughat@google.co.jp,Nepal,Ford
Jeniece,jharkesau@shutterfly.com,Russia,Jaguar
Holli,hsackerav@buzzfeed.com,Sweden,Buick
Anallese,abrocklebankaw@seesaa.net,Indonesia,Oldsmobile
Antone,alouisax@ameblo.jp,Brazil,Volkswagen
Tom,tgibbieay@i2i.jp,Colombia,Nissan
Diane,dilyasovaz@goo.ne.jp,Slovenia,Maserati
Lissa,lreevesb0@miibeian.gov.cn,China,GMC
Jeri,jeldredb1@virginia.edu,Philippines,Toyota
Kath,kmccloryb2@sun.com,Indonesia,Dodge
Gusty,gmacmechanb3@businesswire.com,China,Lincoln
Kincaid,kribchesterb4@bandcamp.com,Russia,Pontiac
Jorrie,jmcgillegholeb5@ted.com,Lesotho,Mazda
Leontine,lovanesianb6@weather.com,Libya,Ford
Jobyna,jdummettb7@livejournal.com,Poland,Cadillac
Elmore,etuttleb8@wired.com,China,Eagle
Patrizio,pleyshonb9@ed.gov,Portugal,Chevrolet
Eada,ebrabonba@vistaprint.com,Myanmar,Mercedes-Benz
Meredith,mberggrenbb@microsoft.com,Bolivia,Dodge
Wynn,wvockingsbc@hexun.com,Indonesia,Mitsubishi
Britt,bhaithbd@phoca.cz,Poland,Pontiac
Angus,aedgertonbe@list-manage.com,Czech Republic,Suzuki
Goldie,gbusainbf@whitehouse.gov,Indonesia,Infiniti
Priscilla,plawriebg@jiathis.com,China,Infiniti
Kacey,kbonteinbh@hubpages.com,Poland,Honda
Albert,agievesbi@discuz.net,Indonesia,Plymouth
Chadwick,ccomiambj@shinystat.com,Brazil,Alfa Romeo
Laurianne,lcaldowbk@nba.com,Indonesia,Buick
Christie,csebbornbl@umich.edu,Indonesia,Volkswagen
Tiphanie,tgeorgelinbm@icq.com,Canada,Suzuki
Darren,dfennellbn@reddit.com,Portugal,Ford
Daniela,dbaldellibo@salon.com,Indonesia,Suzuki
Marthena,mmacknishbp@wordpress.org,China,Nissan
Germaine,ghailesbq@miibeian.gov.cn,Philippines,Mitsubishi
Bryan,bflecknessbr@miibeian.gov.cn,Vietnam,Suzuki
Jaye,jduddingbs@sina.com.cn,Russia,Saab
Talia,trainsbt@techcrunch.com,Mexico,Mercury
Allyce,aseversbu@nifty.com,United States,Mazda
Kass,kvanderstraatenbv@usatoday.com,Brazil,GMC
Sacha,sbittlestonebw@exblog.jp,Philippines,Ford
Trude,tsponderbx@ft.com,Mauritius,Porsche
Gavra,groughtby@ask.com,Indonesia,Ford
Bryn,bbrookbankbz@artisteer.com,China,Oldsmobile
Jana,jstoltingc0@dropbox.com,Indonesia,Aston Martin
Ozzie,oscholefieldc1@tamu.edu,Indonesia,Honda
Martha,mmattocksc2@xing.com,Sweden,Kia
Ingemar,iphilcoxc3@msu.edu,Russia,Kia
Kiri,kbolsoverc4@senate.gov,Ukraine,Mercedes-Benz
Nari,nferbyc5@fc2.com,Panama,Dodge
Peria,pdurramc6@wix.com,Dominican Republic,Pontiac
Krissy,krosenkrancc7@sciencedaily.com,Portugal,Volvo
Angil,abrayleyc8@amazon.de,Nigeria,Lexus
Steffen,sdelafontc9@howstuffworks.com,China,Chevrolet
Talia,tlowreyca@blinklist.com,Philippines,Chevrolet
Aristotle,aflintoftcb@nytimes.com,Russia,Chevrolet
Averil,acotterelcc@unicef.org,Peru,BMW
Jewel,jdoylecd@macromedia.com,Poland,Pontiac
Simone,scesaricce@drupal.org,Philippines,Isuzu
Lucian,ldalmoncf@un.org,Japan,Chevrolet
Flynn,fbalkwillcg@lulu.com,China,Ford
Tessy,tschutzech@4shared.com,France,Cadillac
Jackie,jdesantisci@sun.com,Bahamas,Chrysler
Evered,erothamcj@deviantart.com,Belarus,Chevrolet
Glyn,gtowseyck@google.com.au,Indonesia,Honda
Windham,wgettenscl@delicious.com,Swaziland,Austin
Roxine,rsmetouncm@wordpress.org,China,BMW
Puff,pitzakovitzcn@tripadvisor.com,China,Mercedes-Benz
Teador,tbrockieco@squarespace.com,China,Infiniti
Revkah,rcameliacp@mit.edu,China,Subaru
Huberto,hbonifascq@g.co,China,Honda
Kiah,khowlingscr@edublogs.org,France,Mercury
Kiersten,krankmorecs@ca.gov,Portugal,Ford
Tonye,tshortoct@fc2.com,China,Pontiac
Dean,dtwinbournecu@arizona.edu,Luxembourg,Lexus
Ericka,eohegertiecv@amazon.de,Peru,Infiniti
Tan,tfolkcw@quantcast.com,Thailand,Lotus
Twila,tsmolancx@samsung.com,Colombia,Ford
Vinny,vrubracy@example.com,Afghanistan,Dodge
Alysia,abunneycz@imdb.com,Colombia,Toyota
Agnola,alanfared0@chron.com,Indonesia,Toyota
Ravid,rmarlend1@google.com.br,Poland,Mercedes-Benz
Cordie,cforrestd2@last.fm,Czech Republic,Chevrolet
Cort,ccrunkhornd3@addthis.com,France,Saturn
Joline,jionnidisd4@yahoo.co.jp,Peru,Chrysler
Howey,hcristofarod5@163.com,United States,Cadillac
Tybi,tbarabichd6@devhub.com,Indonesia,Ford
Beverlee,bchamberlayned7@imdb.com,Burundi,Toyota
Leonerd,lsemperd8@redcross.org,Indonesia,Lexus
Toddy,tuttersond9@census.gov,Brazil,BMW
Terrill,tarensda@washington.edu,Argentina,Volkswagen
Elmo,eferrarettodb@smugmug.com,China,Mazda
Beryl,bgheorghiedc@ft.com,United States,Mitsubishi
Angele,amumdd@cbslocal.com,Czech Republic,Nissan
Hillary,htesmondde@canalblog.com,Greece,Ford
Ellette,echansonnaudf@comsenz.com,Poland,Suzuki
Rolando,rtidbolddg@zimbio.com,China,Chevrolet
Rodina,rspraydh@craigslist.org,Angola,BMW
Daphene,dmoraisdi@nhs.uk,Poland,Mitsubishi
Rad,rleedesdj@hp.com,Indonesia,Buick
Bogart,bpadlydk@msn.com,Japan,Saab
Rivi,rridpathdl@stumbleupon.com,Poland,Toyota
Mariana,mjanoutdm@purevolume.com,Indonesia,Ford
Louie,labrahamdn@mashable.com,Japan,Chevrolet
Fitzgerald,feustanchdo@weather.com,Russia,GMC
Bearnard,bbarkwaydp@yellowbook.com,Indonesia,Ford
Hillard,hvonwelldundq@ovh.net,China,Chevrolet
Randene,riorizzodr@furl.net,Portugal,Lincoln
Tamar,ttuerenads@senate.gov,Brazil,Mitsubishi
Dori,dandreidt@vkontakte.ru,Bangladesh,Mazda
Bettine,braymontdu@thetimes.co.uk,Indonesia,GMC
Mel,mmcareedv@blinklist.com,Madagascar,Hyundai
